"","A","C","E","N","O","gender"
"1",4.6,5.6,5.6,3,5,1
"2",2.6,3.4,2.4,4.2,4.2,0
"3",4.6,4.2,4.2,3,4.8,0
"4",2.6,5,4.2,2.6,4.4,0
"5",5.6,2.8,4,2,5.4,0
"6",5.4,3.8,5.2,4.8,5.8,1
"7",4.8,5.2,5,2,5.4,0
"8",5,4.8,6,1.8,4.6,1
"9",4,5.8,4,3.2,5.6,1
"10",3.8,4.2,5.2,2.8,4,1
"11",4.8,3.6,5.4,3.4,4.8,1
"12",5.6,4.6,5,2.4,5,1
"13",5.2,3.2,1.2,2.6,4.8,0
"14",3.2,3,3,3.8,3.6,0
"15",5.2,4.4,1.8,2.2,4,0
"16",3.8,4.8,3.6,5,4.2,0
"17",4.6,5.2,4.6,1.4,5.8,1
"18",5.4,3.8,3.8,2.6,4,1
"19",4.8,4.2,3.8,2.2,4.2,0
"20",4,3.2,3,3.2,3.2,0
"21",5.8,4.2,4.8,2.2,5.2,1
"22",6,3.8,4,3.6,5.2,0
"23",3.4,3.2,3.4,3.8,3.6,0
"24",5,2.4,3.6,3,4.2,1
"25",3.8,4.4,3.4,4.6,4,1
"26",6,5,6,2.2,5.6,0
"27",5.6,3.2,4.6,4.8,4.8,1
"28",5.2,4.8,3.8,2.8,3.8,1
"29",4.4,4,5.4,1.4,4.4,0
"30",4,4,3.2,5.4,3,1
"31",6,5.2,5.4,2.4,4.8,0
"32",4.6,3.8,4.2,3.6,5.8,0
"33",3.2,4.6,3.2,4.4,4.6,1
"34",3.8,4.4,3.6,4,4.4,0
"35",5,5.4,2.8,3.8,3.8,1
"36",4.2,4.8,5,1.8,4.6,0
"37",4.2,2.8,3.2,4.2,3,0
"38",4.2,4.2,2.8,4.6,4.4,0
"39",4,5.2,5.8,3,5.2,1
"40",5.8,5,3.6,4.6,5.2,1
"41",4.4,2.2,2.4,3.6,4.8,0
"42",2.4,2.6,3.4,2.2,6,0
"43",4.6,4.8,4.6,2.2,4.6,1
"44",5.4,5.2,2.8,2.4,4.8,1
"45",4.8,5.4,4.4,2.4,5,1
"46",3.8,4.6,4.8,4.4,4,0
"47",5,5.2,3.2,3,5,1
"48",4.6,5.4,4.6,2,5,1
"49",5.2,4.8,5.4,2.4,4.2,1
"50",3.2,3.2,3.6,2.8,3,1
"51",5,2.8,3.8,3.2,4.2,0
"52",5,4.4,3.6,3.2,5.4,0
"53",3.8,4.8,2.8,5,6,1
"54",5.8,5.6,4.8,2.4,4,0
"55",5,4.6,3.8,4.6,4.8,1
"56",4.4,3.6,3.4,2.8,3.2,0
"57",5.2,4.6,3.8,2.4,3.6,1
"58",5.4,3.6,4.8,2,5,1
"59",5.2,4.2,5,2.2,4.2,1
"60",5.2,4.4,4.8,1.6,5.4,1
"61",4.8,4.2,3.6,3.4,5.6,1
"62",4.6,2.6,3.6,4.2,2.8,1
"63",5.4,5.8,5.4,3.6,5.6,1
"64",5,5,3.8,4,3,1
"65",3.6,4.8,2.2,5,4.2,1
"66",2.2,1.4,1,4,5.2,0
"67",5.2,5.2,3.6,1.2,5.6,0
"68",3.8,4.2,3,5.4,4.4,1
"69",4,3.4,3.2,1.4,4,1
"70",3.6,3.8,4.2,3.2,4.6,0
"71",4.4,4.8,3.6,4.6,5.6,0
"72",4.6,1.8,2.4,2,3.6,1
"73",3.6,5.2,1.4,4.8,3.8,1
"74",5.8,3,4,4,4.6,1
"75",5.4,3.4,4.8,4.6,5,1
"76",5,3.4,4.8,5.6,4.2,1
"77",6,4,4.4,2.8,5.4,1
"78",5.4,4.8,4.2,1.4,4.8,1
"79",6,4.8,3.2,4.4,5.8,1
"80",5.2,4.8,5.8,2,5.4,1
"81",2,1.8,1.8,2.8,2.6,0
"82",4.4,4.8,4.8,2,5.4,0
"83",1.8,2.4,1.6,2.8,5.2,0
"84",4.2,4.6,5,3.2,5.4,0
"85",5.8,4.2,5.6,2.2,6,0
"86",5,4.4,5.6,3,5,1
"87",4.4,3.6,2,4,3.6,0
"88",3.6,5.6,5.4,3.4,5.6,0
"89",4.4,4,5,3,4.8,0
"90",4.8,3.2,3.4,2.2,5.4,0
"91",4.4,4.2,2.2,3.4,5.8,0
"92",5.4,4.6,4.8,2.8,4.4,0
"93",4.6,4,4.6,2.8,5.4,0
"94",4,2.4,2.6,3.2,5,0
"95",4.2,3.4,4.4,4.2,4.6,1
"96",4.4,3.8,4.4,5,4.8,0
"97",3.6,3.4,3.4,4.6,3.4,1
"98",6,3.6,4,5.4,4.6,1
"99",5.8,3,4,3.8,5,1
"100",5.6,5.6,5,3,5.4,1
"101",5.6,4.6,5.2,4.4,4.8,1
"102",2.6,3,1.4,4.4,3.4,0
"103",4.8,4.4,5.2,5.2,3.2,1
"104",3.8,5,5,4.2,4.4,1
"105",5.8,3.6,4.4,1.8,4,1
"106",4.2,3.2,4.4,2.4,5.2,1
"107",4,4.4,2.8,2,5.6,1
"108",5.4,5.2,5,4.6,5.4,1
"109",4.8,3.8,4,3.2,4.4,0
"110",4.2,3.8,5.2,1,4.8,1
"111",5.4,5,3.8,3.4,5.2,0
"112",4.4,2.4,3.6,4,5.2,0
"113",5.8,5.2,5.2,1.8,6,1
"114",5.2,3,4.2,2.2,4.6,1
"115",3,5,5.6,2.4,5,0
"116",4.8,5.4,3.8,2,4.6,1
"117",5,4.2,5,3.6,5,1
"118",5.8,3.6,5.4,2.2,4.6,1
"119",4.8,2.6,3.4,4,4.8,1
"120",3.4,3.4,3.4,2.4,5.8,0
"121",4.6,5.4,3.8,4.2,3.6,1
"122",5,3.4,4.6,3.2,4.8,1
"123",4.8,2.4,4.4,3,4,0
"124",4,4,3,1.8,2.2,0
"125",6,5,5,3,4,1
"126",4.8,2,4.6,1.4,4.6,0
"127",5,5,5.8,1.4,5.2,0
"128",5.2,5,4.8,4,5.6,1
"129",3.8,3.2,3.8,3.4,3.6,1
"130",4.4,5,5,3.8,4.2,0
"131",5.2,3.4,5,3.2,4.4,0
"132",5,4.2,4.2,2.4,4.6,1
"133",3.4,3.8,3,5,3.6,1
"134",5.8,3.8,3.8,2,5.8,1
"135",4.6,5.6,3,4.2,5,1
"136",3.4,3.6,3.8,3.6,3.8,1
"137",3,3.2,4.8,1.6,5.4,0
"138",3.2,3.2,3,4.6,6,0
"139",4.2,3.2,2.8,2.4,3.6,0
"140",2.6,3,2.8,4.4,5.2,0
"141",3.6,4.6,3.2,4.2,6,0
"142",5.2,3.2,4.4,5.2,1.4,1
"143",5,3.6,4.6,1.4,5.4,0
"144",3.4,6,5.4,1.4,5.8,1
"145",4.6,5.2,3,4.8,4,1
"146",5,5.2,5.6,4.4,5.6,1
"147",4,2.8,3.6,2.4,5,0
"148",5,4,4.4,4.4,5.6,1
"149",4,4,3.4,3,4.2,0
"150",3.6,3.4,4.6,2.4,3.6,0
"151",4.6,4.6,3.4,3.8,4.4,0
"152",4.8,3.6,5.6,2.8,4.2,0
"153",5.2,4.2,4.6,2.2,5.4,1
"154",4.4,3.8,4.2,3.6,3.2,1
"155",5,3.2,3.2,3.4,3.8,1
"156",5.4,3,5.4,3.2,4.2,1
"157",3,2.6,3.8,2,4.6,0
"158",5,4.6,5,1.8,5.6,1
"159",3.6,4.6,3.2,3,5.4,1
"160",6,5.2,5.8,2.8,4.6,1
"161",4,4,5.2,3.8,3.8,0
"162",4,5,4.8,2.6,4.6,0
"163",2.2,3,2.8,3,5.4,0
"164",5.6,4.6,5.4,1.2,4.4,1
"165",5.4,3.6,4.6,2.4,5,1
"166",5.6,4.4,5.2,3,5.6,1
"167",5.6,4.2,4,4,4.8,1
"168",4.2,3.8,3.4,3.2,4,1
"169",5.4,4,4.8,1.8,4.6,1
"170",5.4,5,4.8,2,5.6,1
"171",4.2,4.2,4.4,2,4,0
"172",3.8,5.4,4.8,2.4,5,1
"173",4,4.6,2.6,2.6,5,1
"174",5.4,5.6,5.4,2,5.2,1
"175",4.4,3,4.4,4.4,3,1
"176",5.8,2.8,4.4,3,4.4,0
"177",4.2,4.6,2.8,1.8,4.8,0
"178",5.2,5.4,5,3,4.4,0
"179",4.6,4.4,4.8,1.8,4.4,1
"180",5.6,5,4.6,1.4,4.6,0
"181",3.4,5,4.4,3.2,5.6,1
"182",4.8,3.2,4,3,3.8,0
"183",3.6,4.2,4,2.2,2.8,0
"184",4.6,3.2,5,2.4,4.6,1
"185",5.2,4.4,4,1.8,4.2,1
"186",4.6,5.2,3.2,3.2,4.6,1
"187",2.6,5.6,5.8,1,4.8,1
"188",5.2,6,5,1.4,4,0
"189",4.8,4.8,5,2,3.8,1
"190",4,4.4,3.6,2.6,4,1
"191",4.8,5.2,5.2,2.2,4.2,1
"192",5.6,3.4,3.4,3.2,5,0
"193",5.8,4.4,4.8,3.8,4.6,1
"194",4.4,3.4,4,2.8,3.8,0
"195",3.6,3,3.6,4.4,4.4,0
"196",3.4,5.2,3.8,3.8,6,0
"197",5,4.6,6,3.6,3.8,0
"198",5.4,5.6,4.8,2.8,5.6,0
"199",4,4,5.8,1.2,3.2,1
"200",4.6,5.4,4.6,1.6,3.4,0
"201",4.8,4.2,3.6,4,3.6,0
"202",5.2,5.2,4.6,1.8,4.2,1
"203",5.6,4.6,4,3.4,4.6,1
"204",3.8,3.6,3.8,3.4,4.2,0
"205",4.6,3.4,4.8,5.2,3.8,1
"206",5.8,5,5.2,3.6,4.6,0
"207",4.4,4.2,5.8,4.6,5,1
"208",5.4,5,4.8,3,4,1
"209",5.6,5.4,5.4,1.8,5.2,1
"210",4.2,4,2.6,4.2,3.8,0
"211",5.2,4,5.2,4.4,5.8,0
"212",5,3.4,3.8,4.6,3.6,1
"213",4.2,3.2,3,3.8,4.4,0
"214",5.8,5.2,5.4,2.8,5,1
"215",3.2,2.6,3,2.6,3,1
"216",4.8,4,4.2,4.2,4,1
"217",4.8,3.6,3.6,5.4,3.6,1
"218",5.4,5,5.2,3.6,4.4,1
"219",5,4.8,3.2,5.6,5.2,1
"220",6,4.2,6,2.2,6,0
"221",5.8,5,4.2,4,3.4,1
"222",5.4,3,3.6,3.4,3,1
"223",5,5.2,4.8,1,4.6,0
"224",5,3.8,5.6,4,4.8,1
"225",5.4,3.2,5.6,5.4,5.6,1
"226",5,5,2.8,2.2,3.2,0
"227",3.8,3.8,3.4,3.4,4,1
"228",5.4,4.2,4.6,3.8,6,1
"229",5,4.4,3.4,1.4,5,1
"230",5.4,3.4,2.4,2.4,3.4,1
"231",4.8,3.8,4.8,3.4,4.2,0
"232",4.2,5.2,4.8,3.8,5.2,1
"233",2.4,4.2,2.8,4,5.2,0
"234",5.6,5.6,3.8,4,3.8,0
"235",4,5.6,5.2,2.4,4.2,1
"236",5.2,5.4,3.8,3.6,4.2,1
"237",5.2,4.6,4.6,1.2,4.8,1
"238",6,5.2,5.8,2.2,4.2,1
"239",4.2,4,5.4,4.8,5.4,0
"240",4.2,5.2,3.8,5.2,5.2,1
"241",3.4,4.4,3.2,5.8,5,1
"242",3.4,3.6,4.6,2.4,5.2,0
"243",5.8,5,4.8,2,4.2,0
"244",3.4,5.8,3.8,4.2,6,0
"245",5.8,4.6,5.6,1.8,4.6,1
"246",2.6,4.6,2.8,5.2,5.6,0
"247",3.8,3.8,3.4,4,3.4,0
"248",4,3.4,2.8,3.8,4.2,0
"249",5.6,4.6,5,2.6,5.8,1
"250",5.2,3.2,6,5.8,5.2,1
"251",4,4,3.4,3,5.6,1
"252",5.6,3.6,3.6,4.6,6,1
"253",3,4.4,3.6,5.4,4.6,1
"254",5.6,5.4,5,2.6,5.8,1
"255",4.8,4.8,5.6,5,4.4,1
"256",6,6,5.2,2,5.4,1
"257",5,3.6,2.8,4.2,3.6,1
"258",4,4.2,3,4,4.2,1
"259",4.4,3.2,2.8,3.8,3,1
"260",5.6,4.6,5.8,2.4,4.6,1
"261",4.8,3.8,5.6,2.6,5.4,1
"262",5.2,4.4,4.8,4.2,5.2,1
"263",5,2.8,2.8,4.2,4.6,1
"264",4.6,4.4,3.8,5.4,3,0
"265",5.2,5.4,5.2,3.4,5.2,1
"266",4.2,4.4,4,4,4,1
"267",4.6,5,4,4.2,5,1
"268",5.2,5.4,4.6,3.8,4.2,1
"269",3.6,3.2,4.4,3.2,5.6,1
"270",4.6,3.6,5.4,2.4,4.6,1
"271",5,3.8,2.2,3.6,5.2,0
"272",4.8,5.2,5.2,2.8,4.4,1
"273",5.2,5.2,4.6,4.8,4.4,0
"274",4.8,2,5.6,4.6,6,1
"275",5,4.6,4.8,2.2,5.8,1
"276",5.4,3.2,4.2,3.4,5,1
"277",4.2,2.8,3.4,4,4.4,1
"278",5.2,5.6,4.2,2.8,5.8,1
"279",5.2,4,6,3.8,5.6,0
"280",4.2,2.4,1.6,4.2,4.4,0
"281",5,3,5.6,6,4.8,1
"282",4,4.4,2.6,3.2,4.6,1
"283",4,4.4,3.6,3.4,5.4,1
"284",6,5.4,6,1,6,1
"285",4.6,4.8,3.4,3.6,5.4,1
"286",4.6,4.2,4.6,2.8,4.6,1
"287",5.8,6,5.4,1,6,1
"288",5.2,5.2,4,2.4,5.4,1
"289",3.6,4,5.2,3.6,4,1
"290",3,4.6,1.6,1.6,4.4,0
"291",5.4,5,5.2,1,3.6,1
"292",4,4.6,4.2,4,4.6,1
"293",5,5,4.8,3.6,4.8,1
"294",5,4.2,4.4,3,4.6,0
"295",5.8,5.6,4.8,2.6,5,1
"296",5,5,3.8,1.4,4.2,1
"297",4,5,4.4,2.2,3.2,1
"298",4.6,3,4,3.8,5.4,1
"299",5.8,4.6,4.8,4.2,5.6,0
"300",5,4.6,3.2,2.4,3.8,1
"301",6,4.2,5.4,2.8,5.8,1
"302",5,4.4,4.4,2,4.8,1
"303",4.4,5.2,4,2.6,3.6,1
"304",5,4.2,4.4,4.6,3.6,1
"305",5.4,3.8,5,4.4,4.6,1
"306",4.2,3.2,3.6,2.2,4,1
"307",4.4,5.6,5,2.6,5.4,1
"308",4.4,5.2,4.4,4.2,5.8,1
"309",3.2,3,3,4.4,5.6,0
"310",5.4,5.6,5.2,2.4,5.4,1
"311",5.2,4.4,4.8,4.8,5.4,1
"312",4.2,5.4,3.8,3,3.4,0
"313",3.6,4.8,1.8,2.6,2.6,1
"314",5.6,4,4.6,1,5.2,1
"315",5.2,3.8,4,4.6,2.6,1
"316",4.6,2.8,3.6,5.6,5.6,1
"317",3,5.6,2,3.6,5.8,1
"318",4.6,3.8,4.6,3.2,5.6,1
"319",5.2,3.2,4.6,3.8,4,1
"320",5.8,4.2,2.4,3.8,3.6,1
"321",5,4.6,4.2,4.6,4.2,1
"322",5.4,5.2,5.6,2.6,4.4,1
"323",6,4.8,3.6,1.6,5.8,1
"324",5.6,4.4,4.4,5.8,5,1
"325",5.8,5.4,3.2,4.4,4.6,1
"326",5.8,5.8,5.8,1.4,5.8,1
"327",6,4.8,5.8,1.6,5.2,1
"328",5.4,4,5.2,5,4.6,1
"329",3.6,2.6,3,3.8,4.8,0
"330",4.4,5.2,4.2,3.4,5.4,0
"331",4.4,5.2,4.2,2.8,5.4,0
"332",4.4,5.2,4.2,2.8,5.4,0
"333",4.4,5.2,4.2,3.2,5.4,0
"334",5,4.6,4,3.2,5.4,0
"335",5,4.6,4.4,3.2,5.4,0
"336",5,4.6,4.4,3.2,5,0
"337",4.6,2.2,4.4,1.8,3.2,1
"338",4.6,6,4.6,4.6,6,1
"339",5.6,4.6,4.8,1.8,6,1
"340",4.2,5.4,4,5.4,4.4,0
"341",4.6,3.2,3.2,5.8,3.6,1
"342",4.2,4,3.8,3.6,4,0
"343",5.8,4.4,4.8,2,5.2,1
"344",5.2,4.6,3.6,1.8,3.6,0
"345",5.4,4,4.6,2,4.6,1
"346",1.6,6,1.2,1,4.6,0
"347",5.8,6,5.2,2.4,5.8,1
"348",5.4,5.2,5.6,2.8,5.6,0
"349",4.8,4.4,5,3.2,5,1
"350",5.6,5.4,5.6,3.8,4.2,1
"351",5,4.8,4,1.6,4,0
"352",6,5,6,2.4,6,1
"353",5,4.8,5,3.8,6,1
"354",2.6,2.6,1.4,2.6,5.8,0
"355",3.4,5,4.4,4.6,4.6,1
"356",4.8,3.6,4.2,2,4,1
"357",5,2,3,5,4.2,1
"358",5.6,5.2,4.8,1.6,5.4,1
"359",5.4,4.2,5.2,5,5.8,0
"360",4.4,4.4,4,3,4.6,1
"361",5.4,4.4,4.8,1.2,4.8,1
"362",4.8,3.8,5.2,4.6,5.6,1
"363",5.6,4.4,1.8,4.2,3.6,1
"364",5,4.4,4,4.2,5,1
"365",5.8,5,4.8,1,4.4,1
"366",5.8,5.6,4,3.8,3.8,1
"367",3.2,3.6,3.6,3.6,3.4,1
"368",3.8,3.6,3.4,2.8,3.8,1
"369",2,2.8,2.6,3.8,3.6,1
"370",4.6,3,4.8,2,4.6,0
"371",5.8,6,3.6,2.6,5.2,1
"372",5,3.2,5.2,4.6,3,1
"373",6,5.2,6,4.2,5.2,1
"374",5.2,4.4,5.6,4.4,5.8,1
"375",6,5.4,5.4,2.8,5.6,1
"376",4,4.6,2,2.6,2.6,1
"377",5,5,5.6,1.4,5.4,1
"378",5.8,4.8,3,2.4,4.2,1
"379",5.2,4.8,4.6,1.8,4.6,1
"380",4.8,3.8,4,4.2,3.6,1
"381",5.2,5.4,4.8,4.8,5.6,1
"382",5.4,5,3.2,2.4,4.8,1
"383",5.4,4,5,3.2,4.8,1
"384",4.8,5,3.6,2.8,2.6,1
"385",4.6,5.8,5.6,3,5.4,1
"386",4.2,4.8,5.2,4.4,4.6,0
"387",4.6,5.6,4.8,2.4,5.2,1
"388",4.4,5,4.6,2.6,4.6,0
"389",4.2,3.4,5.2,5.6,4.4,1
"390",5.6,5.4,4.4,4.4,4.8,1
"391",5.6,4.8,5.2,1.2,4.2,1
"392",6,5.6,5,1.4,4.6,0
"393",5,4.6,4.2,3.6,4.6,1
"394",4.2,5,4.6,3.2,4.6,1
"395",5.6,5.4,4.4,3.4,4.4,0
"396",6,3.6,5.2,5.2,3.4,1
"397",5.2,4.8,4.4,3.6,5.6,0
"398",5.6,4.8,4.4,3,3.6,1
"399",5,4.4,4.6,3.2,4.2,1
"400",4,5.8,5.4,1,4.2,1
"401",4.8,5.2,5.8,4.4,5.2,1
"402",4.4,4.8,4.8,1.6,5.2,0
"403",4.6,4.8,2.6,2.8,4,1
"404",5,4.4,4.6,3.6,4.6,1
"405",5.4,5.6,4.2,4.4,4.2,1
"406",5,4.8,3.8,4.6,5.2,1
"407",6,5.8,5.8,1.2,5.8,0
"408",5,5.8,5.4,3,4.2,1
"409",5.2,3.6,4.2,3.8,4.2,1
"410",4.8,4.4,4,1.8,5,0
"411",5.6,5.4,5.6,4.4,3.4,1
"412",5,5.8,6,5,5,1
"413",4.8,4,4.6,3,5,0
"414",5.6,5.2,5.8,1.2,6,0
"415",5,4.6,3.4,3.6,3.6,1
"416",5.2,4.4,3.6,3.6,5,1
"417",4.4,3.8,5,4.8,4,1
"418",5.4,5,4.2,6,5.4,1
"419",5.2,3.8,4.2,2.6,3.6,1
"420",4.2,4.2,1.6,5,5.2,0
"421",5.6,4.4,5.2,2,3.2,1
"422",3.2,2.8,4,4.6,5.2,0
"423",4.8,4,4.4,4.4,4.4,1
"424",4.6,5,3.6,2.4,4,1
"425",3.8,4.8,4.6,4.6,5.6,1
"426",5.8,3.4,3.8,4.6,3.4,1
"427",5.4,4.8,4.4,3,4.8,1
"428",4.8,4.6,4.4,2.4,4,0
"429",4.4,3.6,2.6,3.6,3.8,0
"430",4.4,3,5.6,1.8,5,0
"431",5.2,5.6,5.4,1.8,5.4,1
"432",4.4,5,4.4,4.8,4.6,1
"433",5,4.6,3.4,1,4,1
"434",3.2,3.4,2.8,5.2,4.2,0
"435",4.4,1.8,5,2.6,3.2,0
"436",6,5.6,5.6,1.8,4,1
"437",5.4,4.4,4,4.4,3.2,1
"438",5.4,3.8,5.4,3,4.4,1
"439",3.8,2.8,4.6,4.8,4.8,1
"440",4.8,4,3.8,2.6,4,0
"441",5.8,5.8,5,2.6,5.6,1
"442",4.8,5.2,4.2,1.6,4,0
"443",4.4,3.8,3.8,5,3.8,0
"444",5.2,5,5,3.6,4.8,1
"445",5.8,5.2,5.2,3.4,5.6,1
"446",4.2,3.2,3.4,2.8,3.2,1
"447",6,5.2,5.4,4.2,4.8,1
"448",5.6,3.6,5,1.6,5.2,0
"449",5.6,5.8,5.4,3.2,4.2,1
"450",4,3.6,4,3,3,0
"451",4.2,2.8,3.8,3.8,2.2,1
"452",5.2,2.6,2.6,4.2,3.2,1
"453",6,3.4,6,1.2,3.4,1
"454",5,4.6,5.6,4.8,5.6,0
"455",5,5.6,3,2.8,4,1
"456",5.4,4,3.8,2.2,4,1
"457",4.4,4,5.8,3,5.6,1
"458",5.6,4.4,4.6,4.2,5.4,0
"459",5.4,6,5.6,1,4.2,0
"460",5,4.8,4.4,6,4.4,1
"461",5,4,3.6,3.2,2.6,1
"462",5.6,3.2,3.8,2,4,1
"463",5.4,5.6,5.2,1.6,5.6,1
"464",5.2,4.2,4.8,2.4,4.2,1
"465",3.2,3,3,3.6,4.2,1
"466",5,4,4.8,4,3.6,1
"467",4.8,4.4,4.2,4,3.8,1
"468",5.6,5,5.4,3.2,4.6,1
"469",3.2,4,4.4,5.8,3.2,1
"470",5.4,4.6,5.6,2,3.8,0
"471",4.8,4.8,3.6,2.6,5,1
"472",4.4,5.2,5,3.8,3.8,1
"473",5.4,4.6,4.8,2.2,5.4,1
"474",5.4,5,4.4,4,4,1
"475",4.2,4.2,3.8,2,4,1
"476",5.4,5.2,4.4,2.2,4.4,1
"477",5,4.8,5.8,2,2.8,1
"478",6,5,3.8,2,5.4,1
"479",5.4,5,5.2,1.2,3.6,0
"480",4.4,3.4,3.6,4,3.4,1
"481",5.2,5,5.6,2.2,4,1
"482",5.2,3.2,5.4,2.8,5.6,1
"483",3.6,4.2,3.8,4.2,3.2,1
"484",5.4,3.4,4,1.8,5,0
"485",5.6,3.8,2.6,4,3.6,1
"486",6,5.8,6,1.2,4.6,1
"487",5.4,4.4,4,1.8,4.6,0
"488",6,5.6,4,1.4,6,1
"489",5.6,5.8,4,4,5.4,0
"490",4,4,3.6,2.8,4.2,0
"491",4.4,3.6,4.2,4.2,4.8,1
"492",5.2,3.8,4.2,4,5.4,1
"493",5.2,5.8,4.4,2.4,6,0
"494",5,5.2,3.6,3.8,5,1
"495",5.2,6,6,2,5.2,1
"496",4,3.8,3,5.4,3.8,1
"497",3.8,2.8,2,5.8,2.8,1
"498",5,5,4.6,2.4,4.6,1
"499",3.8,4.8,3.8,3.8,3.2,1
"500",5.6,3.2,5,2.4,5.6,1
"501",2.6,4.8,3.8,5.6,4.2,0
"502",5.8,4.8,3.6,4.4,5.6,1
"503",5,4.6,4.2,2.2,3.8,1
"504",3.2,3.4,2.4,4.2,5.4,0
"505",5.6,5.4,3.8,4.4,4,1
"506",5,4.6,3.4,2.2,3.2,1
"507",5.2,5,6,1.8,5.2,0
"508",4.6,4,4.2,2.6,5.2,1
"509",4.8,4,3.8,3,5,1
"510",5.6,5,4,3.8,4.4,1
"511",5.4,3.4,4.8,3.6,4.4,1
"512",6,5.4,4.2,2.8,3.8,1
"513",5,3.6,3.6,1.8,5.4,0
"514",5.8,5.4,3,2.8,5,0
"515",4,3.6,2.6,3.6,4.8,1
"516",4.4,5.2,5,1,4.8,1
"517",5.6,4.4,5.2,1.4,4.6,1
"518",4,3.6,2.4,4.8,6,1
"519",3.8,3.4,3,3.4,4.4,1
"520",5.8,4.8,4.8,3.2,4.6,0
"521",5.2,5.2,4.4,1.4,4.8,0
"522",6,5.2,3.6,2,5.4,1
"523",5.6,4.2,3.8,3.8,5,1
"524",5.4,3.2,3.2,3.6,4,1
"525",5.2,5,4.2,3,4,1
"526",1,6,2,5,6,1
"527",4.2,5,3.6,4,3.4,1
"528",4.8,3.8,5.2,5.2,4.2,1
"529",4.8,5,4.8,2,4.4,1
"530",4.2,4.8,3.4,4.6,2.6,1
"531",5,4.4,5.2,5,4.2,1
"532",4.4,3,4,4.4,3.4,1
"533",4.8,4.4,5,3.6,4,1
"534",5.8,4.6,4.8,2.8,5.4,1
"535",5.4,5.4,4,3.2,5.2,1
"536",5,6,2.6,4.4,4.4,1
"537",4.8,3.2,4,1,4.2,1
"538",4.6,4.4,2.2,3.2,4.6,0
"539",4.4,4.4,4.4,2.8,5.8,1
"540",4,4.4,4.6,4.6,4.4,1
"541",5.4,3.6,6,3.2,5.6,1
"542",5,3.2,3.8,4.2,4.4,1
"543",6,3.4,5,5.6,4.6,1
"544",5.8,6,5.8,1,5.6,1
"545",5.4,5.6,4.2,4.8,5.2,1
"546",6,6,6,1,5.6,1
"547",4,3.6,3,5.2,4,1
"548",4.2,3.2,3.6,5.2,5.4,1
"549",5.6,5,3.4,3.4,4.6,1
"550",3.2,4.6,1.8,2.4,4.8,0
"551",6,5.8,4.6,1.6,5.4,1
"552",4.4,4.2,4.4,3,5.8,1
"553",5.6,4.8,3.8,4.2,4,0
"554",5.4,5.2,2.6,5.2,4.2,1
"555",4.8,5.2,5.2,2.4,4.2,1
"556",5.6,5,4.8,1.6,5,1
"557",6,5.6,4.8,5.2,4,1
"558",4.8,4.6,5,2,3.4,1
"559",5,4.8,4.6,2.6,3.4,1
"560",4.2,2.8,4,2,3.6,0
"561",4.2,2.8,4.6,1.4,4.8,0
"562",5.2,4,2.8,2.4,4.6,0
"563",4,4.8,2.6,4.6,4.6,1
"564",5.4,5.2,4.6,2.4,3.4,1
"565",4.4,3.4,3.4,3,4.8,1
"566",4,4.6,4.4,1,5.4,0
"567",3.2,5,2.4,4,3.8,0
"568",4.8,5.2,3.2,4.2,4,0
"569",5.6,5.2,5.2,3.2,4.8,1
"570",5.6,4,5.8,5.2,4.4,1
"571",4.8,4,4.6,2.6,3.8,0
"572",4.6,4.6,3.6,3.4,4.6,1
"573",5.8,5.2,5.2,2.6,4.6,1
"574",5,4,5.6,2.4,4.8,0
"575",5,3.2,5.8,2.2,5.8,1
"576",5,5.8,5.4,3,5.2,1
"577",4.2,4.2,2.2,1.8,5.2,0
"578",5.2,5,5.4,2.8,4,1
"579",4.6,4.8,3.6,4.4,5.2,0
"580",4.8,4.2,3,3.2,6,0
"581",5.6,5.8,5.4,2,5.8,1
"582",5.4,4,4,2.8,4.2,1
"583",3.6,3.6,3.2,5,4.6,0
"584",4.2,4.4,5.2,4,5.2,0
"585",5.8,4.8,4.8,1.4,4.2,1
"586",4.2,4.2,4.2,2.8,3.4,1
"587",4.6,4.6,4.8,4,4,1
"588",4.6,3,5,1.4,4,0
"589",4.2,3.6,3.2,3.6,3.8,1
"590",2.8,3.2,5.4,3.6,4.6,1
"591",4.2,4.2,4.8,5.2,4.2,1
"592",5.2,4.4,2.8,3.4,5.2,1
"593",5.8,4.4,5.6,2.6,5,0
"594",4.4,3.6,4,3.4,5.2,0
"595",5.6,5.6,5.8,2.2,5.8,1
"596",5,4.6,3.6,1.4,3,1
"597",5.8,4.8,4.2,3,5.4,0
"598",4.6,5,5.2,3,6,1
"599",4.8,4,4.2,2.8,4.2,0
"600",5.2,5,4,4.2,5.4,1
"601",4,3,2.4,4.8,4.4,1
"602",4.8,5,4.2,3,5.4,1
"603",3.6,2.2,4.8,5.2,4,1
"604",5.4,4.8,2.4,3.8,4.4,1
"605",3.2,3.2,3.4,2.8,3.2,0
"606",5.4,3.4,5,2.2,5.2,1
"607",4.8,4,5.4,3.2,6,0
"608",5,4.6,4,3.8,5,0
"609",4.4,3.4,4.6,2.4,4.2,1
"610",4.8,5.6,4.6,1,5.8,0
"611",3.4,4.4,4.8,3.4,4.2,0
"612",4,4.4,4.4,2.4,4.8,1
"613",4.6,4.6,5.4,2.6,3.8,1
"614",4.6,4.2,3.6,2.4,4.4,1
"615",4.6,4.4,4.6,2,5.2,1
"616",4.8,3.6,5.4,2.4,4.2,1
"617",4.2,5.6,4.4,3,5.6,0
"618",5.2,3.8,4.8,2.4,4,0
"619",4.4,5.8,4.8,4.6,5.2,1
"620",2.6,5.6,3.6,2,6,0
"621",2.4,6,5.8,2,5,0
"622",4.4,3.8,4.8,3.4,4.8,1
"623",4.4,5.4,5,2.2,5.8,1
"624",5.8,5.4,5.6,3.2,3.8,1
"625",5,4.6,5.4,2.6,4.6,1
"626",5.2,5,5.4,3.2,4.6,1
"627",6,4.8,4.8,1.8,4.8,1
"628",3.8,3.2,3,5.2,2.8,1
"629",5,4.4,3.6,1.2,4.6,1
"630",4.6,4.8,4.8,2,4.8,0
"631",3.8,3.4,4.2,3.8,4.8,1
"632",4.4,2.2,3.8,4.2,5.6,1
"633",6,5,6,3.4,6,1
"634",4.2,4.8,4,3.8,3.6,1
"635",4.8,5,5.6,1.2,5,0
"636",4.2,4.4,3.8,2,5.4,0
"637",5.4,5.6,3.8,1.6,2.6,1
"638",5,4,4.4,1.2,3.2,1
"639",5.2,3,3.8,5,4.6,1
"640",4,3.8,4.4,4.2,4.8,1
"641",5,4.4,5.4,2.6,4.6,1
"642",5.8,5.4,5.6,2.6,4.8,1
"643",5.8,5.8,4.8,4.2,5.2,1
"644",4.6,3.4,4.6,5.8,2,1
"645",4.2,4,3.6,4,4,1
"646",4.8,4.4,5,1.8,4,0
"647",3.6,4.8,4.8,3.6,4,0
"648",2.8,5.8,4.4,1.6,5.8,0
"649",2.4,6,4.2,1.4,5.4,0
"650",4.8,4.6,3,1.2,4.6,0
"651",5.8,4.2,4.8,3.4,5,0
"652",5,3.6,4.2,4,5,1
"653",4.6,3,3.2,3.6,3.2,1
"654",5.2,3.8,4,5.4,4.4,1
"655",4.2,2.4,3,5.2,4.6,0
"656",5.4,5.4,4.6,2.4,4,1
"657",4.6,4.2,2.6,3.6,4.4,1
"658",5.6,5.2,5,3.2,5.2,1
"659",4.2,4,5.2,1.8,4.6,0
"660",5,5,4,4.8,4,1
"661",3.8,2.8,2.8,1,2.4,1
"662",4.4,2,4.8,5,3,1
"663",5.4,5.4,4.4,2.8,4,0
"664",5.2,2.8,4.4,5.2,5.8,1
"665",6,5.6,5.6,1,4.8,0
"666",5,4.8,3,3,4,0
"667",3.6,4.2,3.8,3.2,6,1
"668",5.4,5.4,5.2,4.2,4,1
"669",4.6,3,1.8,2.6,4.6,0
"670",5,5,4.2,2.2,4.2,1
"671",4.8,4.8,5,2,5.2,0
"672",5.4,4.8,4.8,2.8,5.8,1
"673",4.4,3.6,3.2,1.8,5,0
"674",3.8,3,2.4,5.2,4.4,1
"675",3.8,4.6,5.2,1.6,5.4,1
"676",5.4,4.4,4.4,2.2,3.6,1
"677",5,6,5,4.2,3.8,1
"678",5,2.6,2.4,2.6,3.4,1
"679",3.2,4,2.6,2.8,5.4,0
"680",5.2,4.8,5.2,1.8,3.8,1
"681",5.2,3.8,3.2,3.6,5.2,1
"682",5.4,3,4.8,4,4.4,0
"683",4.4,5,3.2,2.8,3.8,1
"684",4.4,4,4.4,2.4,4,1
"685",4.8,4.8,1.8,4.4,3.2,1
"686",4.6,4.6,5.4,3.6,3.8,1
"687",3.2,6,4,1.8,4.2,1
"688",2.2,3.6,2.2,4.2,4.4,1
"689",5.8,5,4.6,3,5.6,1
"690",5,4.4,5,2.4,5,1
"691",3.8,2.4,1.2,3.8,3.6,1
"692",4.6,5.4,5,4,5.6,1
"693",4.6,4.2,5.6,1.8,4,1
"694",3.8,4.6,3.2,1.8,5.6,1
"695",5.2,3,3.6,5.2,4.8,1
"696",4.4,3.8,5.2,3,3.4,1
"697",5.2,4,4,3,4.6,0
"698",5.2,3.8,4.6,2.6,4.2,1
"699",5.2,4.6,5.6,1.4,5.8,0
"700",4.6,4,5.4,2.8,3.6,1
"701",5.8,5.6,4.6,1.4,5.8,1
"702",3.8,2.8,3.6,4.8,5.4,0
"703",4.4,3.2,3.6,2.6,5.2,1
"704",5.8,4.4,5.2,2.8,6,1
"705",4.6,5.4,4.8,2.6,4.8,1
"706",4.6,3,5,4,3.8,1
"707",4.6,5,5.4,2.4,6,0
"708",4.4,3.6,3.6,4.2,4.4,0
"709",5.4,5.4,3.4,3,5.6,1
"710",4.8,4.6,4.2,2,5.8,0
"711",5.6,4.4,5.2,4.8,4.8,0
"712",5.8,4.8,4.6,4,4.8,1
"713",4,2.8,5,2.8,4.2,0
"714",3.8,5,5.8,2,4.8,0
"715",5,2.4,3,4.8,2.6,1
"716",2,5.2,2.6,2.6,5.8,0
"717",4.2,5.2,2.8,5.8,3.4,1
"718",4.4,3.6,3.4,4,4,1
"719",5.2,6,5.2,3,4.2,1
"720",6,4.4,4.4,4.6,2.2,1
"721",3.2,1.8,3.4,3.6,4,1
"722",5.6,5.6,5.8,1,5.2,1
"723",5.6,4.6,5,3.8,2.8,1
"724",5.4,5.4,5.2,4.2,5,1
"725",4,2.4,1.2,3.8,3,0
"726",3.8,3.8,2,3.6,3.8,1
"727",5.4,5.4,3.6,2,4.6,1
"728",4,5.4,4.4,3.2,5,0
"729",3.8,4.2,4.8,2.4,5.8,0
"730",5.6,4.4,5.2,3.4,3.8,1
"731",4.4,4.4,3.6,2.8,3.8,0
"732",3.8,4,5.6,3.4,4.6,0
"733",5.4,3.4,4,5.8,4,1
"734",5.4,4.6,3,1.4,5.4,0
"735",4.8,5.2,4.4,4,2.8,1
"736",4.6,3.8,4.2,2.6,4.6,1
"737",4.6,3.8,3.2,2.4,4.4,0
"738",3.6,3.6,5,3.4,4.8,1
"739",4.8,3.6,4,4.4,3.8,1
"740",4.2,5.8,3.4,4,5.2,1
"741",5.2,3.4,3.2,2.4,3.2,1
"742",4,4,2.8,3.6,4.8,0
"743",5,4.6,4.6,2,4.4,1
"744",5.2,3.6,4.2,3.8,4.6,1
"745",5.8,3.8,2.6,3,6,0
"746",4.6,3.2,4.6,2,5.4,0
"747",5.2,3.8,4.2,3.4,5,0
"748",3,3.4,4.6,5,4.6,1
"749",6,4,5,1.8,4.8,1
"750",5.4,3.2,4,4.2,4.6,1
"751",4.6,2.6,4.4,2.6,4.6,1
"752",5.6,5.6,4.8,4,3.8,1
"753",4,4.4,5,4,4.8,1
"754",4.8,4.6,3.4,1.8,3.2,1
"755",5,5.6,4.6,4.4,4.2,1
"756",3.2,5.4,1.6,6,2.8,1
"757",5.2,3.2,2.6,2.6,4.8,0
"758",5.4,3.2,4.4,3.6,4.6,1
"759",5.8,5,5.4,4.2,6,1
"760",4.8,5.8,4.2,3.6,5.2,0
"761",5.4,5.4,3.8,3.6,4.2,1
"762",6,4.6,5.6,1.8,4.8,1
"763",5.4,2.8,3.4,3.2,3.8,1
"764",4.8,4.4,3.2,1.8,4.6,0
"765",4,5.6,4.2,2.8,4,0
"766",5.4,3.2,5.2,4.4,5.2,1
"767",4.8,3.8,5,3.6,5,1
"768",4.4,3.8,3.2,2.8,4.4,1
"769",2.6,3,2.6,1.8,5.2,0
"770",5.4,4,4.8,1,5.4,1
"771",4.8,4.2,5,4.4,4.4,1
"772",5,4,4.8,5.2,5.6,0
"773",4.8,4,4.2,1.6,4.4,0
"774",4.8,3.8,4.6,2.8,5.2,0
"775",5.2,3.8,4,4,4.8,1
"776",4,3.6,3.2,5.2,5,1
"777",3.4,4.4,3,4.2,4.4,1
"778",5.4,4.8,4,3,3.8,1
"779",5.2,3.8,3.4,3.4,3,1
"780",4.6,2.2,4,2.8,5,1
"781",4.6,4,3.2,5,5,1
"782",5.2,5.2,5,1.2,4.8,1
"783",6,6,5.4,1,5,1
"784",4.8,4.6,4.4,3,4,1
"785",5.4,4.2,5.2,3.4,5.2,1
"786",4.6,4.8,2.8,1.6,5.6,1
"787",3.4,4.4,2.6,4.4,4.8,0
"788",5.4,2.8,5.4,2.2,5.6,0
"789",4.4,5,3,3.6,3.8,1
"790",4.8,5.4,4.6,1.4,5,1
"791",5.2,3.6,4.8,3.6,3.4,1
"792",5.2,3.8,4.8,2,3.6,1
"793",4.4,5.6,4.8,2.4,4,1
"794",5.2,3.2,4.4,5.8,4,1
"795",5.4,5.2,3.4,2.8,3.6,1
"796",5.4,4.6,4.8,3.4,4.6,1
"797",5.8,4.6,5.4,1.8,4,1
"798",4,3,4,4.4,4.2,0
"799",4.4,3.4,3.8,4.2,5.4,0
"800",4.6,5.6,4,4.4,4.4,1
"801",4.6,5.2,5.2,1.4,6,0
"802",4.8,5.2,3,2.2,3.2,0
"803",4.4,6,5.6,3.4,4.8,1
"804",4.6,3.6,1.8,4.8,4.2,1
"805",4.6,3.4,3.2,2.8,5,1
"806",6,3.8,5.2,2.4,5.2,1
"807",5.6,3.4,5,2,5,0
"808",4.8,4.6,3.8,1.6,4.2,1
"809",4.6,4.2,3.8,2.8,4.8,1
"810",4.8,4.2,5.4,4,5.8,1
"811",3.6,4.8,3.4,2.4,3.4,1
"812",5,5.4,5.6,1,4.8,1
"813",3,4,2.6,4.6,4.4,0
"814",5,5.2,4.4,3.6,5.2,1
"815",3,4.8,4,3,5.4,1
"816",6,6,6,2.4,5.6,1
"817",3.6,4.8,3,3.6,5.6,1
"818",4.8,4.8,5.4,3,4.2,1
"819",5.8,4,6,2.8,5.4,0
"820",5,5.6,4.6,4,5,1
"821",5,3.2,5.6,4.6,5.6,1
"822",1.4,3,1.6,1,4.6,0
"823",4.8,5.2,3.6,2.8,4.2,0
"824",4,3.6,2.6,4.8,4.8,1
"825",5.6,6,3.2,2.2,4.6,1
"826",5.6,3.2,3.6,3.6,5.4,0
"827",4.8,5.4,4,1.4,5,0
"828",4,3,3.4,3.6,5.4,0
"829",2.2,4.6,4.6,3.4,5.4,1
"830",4,4.8,2.8,1.4,5.8,0
"831",4.4,3.8,3.2,4.2,5.2,0
"832",4.8,4.6,5,3.8,4.4,1
"833",2.2,4.4,3.8,2.2,4.6,1
"834",3.8,4,3.8,3.8,5,1
"835",2.6,3.8,4.2,4.6,2.8,1
"836",5,3.6,4.8,1,5,1
"837",3.6,2.8,3.2,3.2,4.6,0
"838",4.4,3.2,3.6,2.2,6,0
"839",5.2,4.4,4.2,5,5,1
"840",3.4,5,3.8,2.4,4.8,0
"841",5.6,5,4.4,2,5,1
"842",3.6,3.6,3.6,2.4,3.8,0
"843",5.6,4.6,4.8,1.8,4.6,1
"844",5.4,5.6,5.4,1.4,6,1
"845",6,5.4,5.4,1.4,4.8,1
"846",4.6,3.6,5.6,2.8,3.4,1
"847",4.6,4.2,2.8,1.8,3.8,1
"848",4.6,4.8,5,2.6,3.2,0
"849",4.2,4.2,3.2,2.8,5.2,0
"850",5.2,5.2,3.8,4.4,4.6,1
"851",3.8,3.2,2.6,1.6,5.4,0
"852",4,3.8,2.6,4.6,5,0
"853",5.8,5.4,5.4,3.6,5.4,1
"854",5.2,2.4,3.4,3.8,5.4,1
"855",4.6,3.2,4.2,2.4,5.4,1
"856",3.6,2.4,2.8,3.8,3.6,1
"857",5.8,5.2,5,5.4,6,1
"858",4.4,4.6,1,2.6,4.2,0
"859",4.4,4,4,2.6,4.4,0
"860",5.6,3.8,3.8,3.6,5.2,1
"861",3.8,3.4,2.6,2.8,3.8,0
"862",5.8,3.8,3.6,4,5.8,1
"863",5.2,5.6,5.2,1,5.6,0
"864",4.4,4.8,3,3.4,4.6,1
"865",4.8,4.6,5.4,2,5.6,1
"866",4.2,3.6,2.2,2,5.4,0
"867",4.4,3.2,2.8,2.8,2.6,1
"868",2.8,4.8,2.8,2.6,3.2,1
"869",4.2,3.4,1.2,2.6,4.2,0
"870",3.6,5,4.2,3.6,5.8,1
"871",4.4,3.4,4.6,2.2,5.2,1
"872",3.6,3.4,3.8,3.4,5.6,0
"873",4,3.8,3.8,3.8,4.8,0
"874",4.4,3.2,3,3.2,4.8,1
"875",5,5,6,3.2,6,1
"876",5.2,5,5.2,1.6,5.2,1
"877",4.6,3.8,4.6,3.2,4.6,1
"878",5.4,5.4,4.6,3.4,2.8,1
"879",5.4,3.8,4.2,1.4,4.6,0
"880",5.4,4.6,4,3.2,4.6,1
"881",4.6,6,5.4,4,5.8,1
"882",5,5.4,5.4,1,5.8,0
"883",5,5.4,3,2.4,5,1
"884",6,3.6,4.4,2.4,4.2,1
"885",6,5.6,5,2.4,5.2,1
"886",6,5.2,6,1,5.8,1
"887",4.4,5.4,4.6,1.8,3.6,0
"888",4.8,3,3.4,3.2,4.4,1
"889",5.2,4.8,4.6,3.2,4.2,1
"890",4.6,3.2,2.6,5.4,3.6,0
"891",4.2,4,3,4.8,4.2,0
"892",4.2,3.4,4,5.8,5.8,1
"893",3.8,3,1.4,2.8,5,1
"894",5.6,3.4,3,2.6,3.2,1
"895",6,5.6,5,1.4,5.2,1
"896",5.4,3.6,4.2,3.6,3.6,1
"897",3.4,5,5.6,2.6,4.2,1
"898",4.2,3.8,3,1.6,4.4,1
"899",4.6,3,5,3.4,4.4,1
"900",2.6,5.8,3.2,3.4,5.8,1
"901",5.2,5,4.8,2.4,4.8,1
"902",2.6,5.2,1.8,2.6,5.6,1
"903",2.8,5.8,4.8,3.8,5,1
"904",4.8,2.4,4.8,3.4,5.6,1
"905",5.4,2.4,5,2.6,4.6,1
"906",3.6,2,3.8,2.8,5.2,1
"907",4.6,4.6,4.8,2,4,1
"908",3.8,3.6,3.4,2.4,4.6,0
"909",4.6,3.4,4.8,4.6,5,0
"910",4.4,4.4,3.8,4,4.2,1
"911",4.8,4.4,3.4,1.8,4.8,0
"912",4.2,4.4,5.6,2.8,4.8,1
"913",5.8,4.6,5.6,4,5.4,1
"914",5.2,4.6,3.6,2.2,4.8,0
"915",4.8,3.6,4.2,4.6,3.4,1
"916",4.6,2,5,3,4.8,1
"917",5.4,2,5.6,4.4,5.2,1
"918",5.6,6,5,1,4,1
"919",2.4,2.2,1.2,3.6,4.8,0
"920",4,3.2,3.8,3.8,4.2,0
"921",5.6,4.2,3.4,5.8,5.6,1
"922",3.4,3.4,3.4,4.4,4.2,0
"923",2.6,4.4,3.8,2.2,4.6,1
"924",3.6,4.4,4,2.8,4.8,1
"925",4.8,3.4,4.8,3.2,5.2,0
"926",4.8,3,4,3.6,4.6,1
"927",5,4.2,4.8,3,4.8,1
"928",5.2,3.8,4.6,3.8,5.2,1
"929",5.4,5,4.8,2.8,5.4,1
"930",2.6,3,1,4,4.2,0
"931",4.8,3.8,5,1.8,5.4,1
"932",3.6,4.8,4,2.8,3.6,1
"933",4,3,3.6,1.8,3.8,1
"934",5.4,5.2,4.4,2.2,3.8,1
"935",5.4,2.2,4.8,1.6,5,1
"936",5.4,5.4,4.2,4.8,5.2,0
"937",3.8,4,4.4,3.6,4.8,0
"938",5.6,4.6,4.4,1.8,5.8,1
"939",2.2,2.4,2.2,4.2,3,1
"940",5.6,5.2,5.2,5.4,5.6,1
"941",5.4,3.2,4,2.4,4.4,1
"942",5.6,5.8,5.6,2,4,0
"943",4.8,4,5.6,1.2,5.8,1
"944",3.4,4.8,4.2,2.6,4.4,0
"945",4.6,3.8,4,3.8,4.4,1
"946",4.6,1,3.4,6,5,1
"947",5,3.2,5.2,4.2,5.6,1
"948",5.4,5.2,5.2,2.2,4.8,1
"949",2.6,1.2,2.4,4.6,5.6,0
"950",5.2,3.6,2.6,3,4.6,1
"951",5,5,4.2,2.4,5.2,0
"952",4.8,3.2,5.2,3,4.8,0
"953",5.8,4.8,3.8,3,5.2,1
"954",6,3.8,4.8,2.8,4.6,1
"955",5.8,4.6,5.8,2.4,4.4,1
"956",5,2.8,4.4,2.8,4.2,1
"957",4,4,2.8,4,5,0
"958",5,5,4.4,1.4,4.4,0
"959",4,2.4,4.6,5.4,4.2,0
"960",4.6,5.2,4.2,1,5.4,1
"961",4.8,2.4,2.4,4.6,4.4,1
"962",4,5,4,5.4,5.6,1
"963",4.4,4.8,5.2,1.6,5,0
"964",5.4,5.4,5,2.4,5.8,0
"965",5.4,3.8,5.4,3,5.2,0
"966",3.6,4.8,3.2,4,5.6,0
"967",5.4,4.8,4.4,1.6,5.2,1
"968",4.4,4.6,4.6,3.6,5.4,0
"969",6,5,5.6,2.6,4.4,1
"970",5.8,4.8,4.6,1.4,5.2,1
"971",4.4,5.6,6,1.4,4.8,0
"972",4,4,2.6,4,4,1
"973",4.6,3.6,3,6,5.4,1
"974",5.2,4.2,4.6,1.2,5.2,0
"975",4.8,5.2,4,3.2,4.4,0
"976",2.8,4.2,5.6,3.4,3.4,1
"977",4.8,4.2,4.4,2.4,3.8,1
"978",6,4.6,5,1.8,5.6,1
"979",3.6,3.6,3.6,2.4,3.8,0
"980",3.4,4.8,4,4.6,3.6,1
"981",3.4,4.8,4.6,1.6,4,1
"982",4.2,4.4,4.4,2.2,3.6,0
"983",5.2,4.6,5.2,3.2,5,1
"984",6,6,4.4,6,6,1
"985",3.4,4.8,4.4,1.2,5.8,1
"986",4.8,5,3.8,1,3.8,0
"987",5.8,3.4,4.8,4,5,0
"988",5,4.6,3.6,2.8,3.8,1
"989",5.4,3.6,4.4,3.8,3.8,1
"990",4.6,3.4,3.8,5,4.8,0
"991",4.2,4.4,4.8,1.8,4.6,1
"992",5.2,3.8,4.8,2.4,5.4,1
"993",3.2,5.2,4.4,2.6,5.8,0
"994",5,4.2,5.2,2.4,4.4,1
"995",5.4,3.6,4.2,5.2,5.2,1
"996",5,5.4,5.4,2.8,4.2,1
"997",4.4,2,2,4.8,3,1
"998",5,4,4,2.2,4.4,0
"999",5,3.4,2,4.8,4.2,0
"1000",4.2,5.2,4.6,1.6,4.2,1
"1001",4.6,3.6,4.4,3.8,3.4,1
"1002",4.2,5,1.8,1.6,3.8,1
"1003",5.4,3.6,3.8,2.4,4.6,1
"1004",4.2,5.2,3.4,5,4.6,1
"1005",4.6,5.2,4.8,2,3.4,0
"1006",5,3.8,4.2,2.6,4.2,1
"1007",4,3.8,3.8,4,4.8,1
"1008",3.6,5,2,2.8,4.2,0
"1009",4.2,2.6,2.2,2.8,3.4,0
"1010",4.2,4,4.6,2.4,4.2,0
"1011",4.4,2.6,4.2,4.6,4.6,0
"1012",2.8,2.8,1.4,4,5.4,0
"1013",3,1,3.4,5.2,3.8,0
"1014",4.6,3.2,3.2,3,5.2,0
"1015",5.8,4.6,5.4,2.4,4.2,1
"1016",5,5.4,2.2,3.6,3.4,1
"1017",4,4.6,4.4,1.4,5.4,0
"1018",4.8,5.4,4.6,1.4,5.2,1
"1019",3.2,3.8,2.6,2,5.8,0
"1020",2.6,2.8,1.2,3.8,2.4,0
"1021",6,3.8,4,2.2,4.4,1
"1022",4.6,4.6,4,3,4,1
"1023",5.4,5.6,4.6,2,5.6,1
"1024",3.8,6,5,4.8,5.6,0
"1025",5.6,4.2,4,2.6,4.8,1
"1026",5,5.6,6,2.2,5.2,1
"1027",4.4,5,4.8,4.2,4.6,0
"1028",3.6,4.2,4.6,2.8,5,0
"1029",4.8,3.8,4,2.2,5,1
"1030",6,3.8,4.4,2.6,4,1
"1031",4.4,4.6,5.4,1.8,6,0
"1032",5.4,4.4,5,1.2,4,0
"1033",5.2,5.2,4.2,1.6,5.2,0
"1034",4,4.8,3.8,3.6,4.8,0
"1035",4.6,2.4,4.6,2.6,3.6,0
"1036",4.2,3.8,2.8,3.6,4.6,1
"1037",5.2,5.2,4.8,1,4.4,0
"1038",3.8,4.4,3.4,2.6,3.6,1
"1039",2.8,2.8,4,3,3.4,0
"1040",4.6,5.2,4.6,3.2,4.8,1
"1041",4.8,2.6,1.6,6,4.2,0
"1042",4.4,3.8,3.2,2,4.2,1
"1043",4,3.2,4,3.4,4,0
"1044",4.8,2.4,5.2,5.4,6,1
"1045",4,3.8,3,4,3.2,1
"1046",5,3.6,4.8,2.8,5,1
"1047",5.2,5.8,4.2,3.2,4.6,1
"1048",5,4.6,4.2,4.2,5,1
"1049",4.8,4.8,5,2,4.4,0
"1050",4.2,3.2,6,4,5.4,1
"1051",4.2,4.8,4.6,5.8,5.4,1
"1052",4,2.4,2.6,3.6,4.2,0
"1053",5.6,5.6,5.4,2.4,4.6,1
"1054",3.8,5.6,6,2.2,6,0
"1055",5.4,4,3.8,2.4,4.2,0
"1056",5.4,4.8,3.8,4.4,4.8,1
"1057",4.8,5,4.8,1.8,5.2,0
"1058",4.4,3.2,2.6,2.2,5.6,0
"1059",4.8,5.6,2,3.6,5.4,0
"1060",2.8,4.8,2,2,5,1
"1061",3,5,3,1.8,5.2,1
"1062",3.6,3,4.4,5,4.4,1
"1063",4.2,3.8,3.8,3.8,4.4,0
"1064",4.2,5.6,5.2,2.6,4.8,1
"1065",5.8,6,3.6,3.6,4.2,1
"1066",5,5.2,2,5.2,5.4,0
"1067",5.4,4.6,5,2,5.4,1
"1068",4.4,4.8,4.4,3.8,4,1
"1069",4.6,3.4,4.4,1.6,5,1
"1070",6,5.4,4.8,3.4,4.4,1
"1071",2.2,6,3.8,1.2,5.6,0
"1072",5.6,3.8,4.4,4.4,3.6,1
"1073",6,2.6,5.2,2,4,1
"1074",2.6,4.6,3.4,2.6,3.8,0
"1075",4,3.6,4.2,1.6,4.6,1
"1076",4.2,5.4,4.6,3.2,4,0
"1077",6,5.6,4,1,5,0
"1078",5.4,2.4,5.6,2,4.2,1
"1079",5.8,3,6,2.6,4.8,1
"1080",5.6,3.6,4.8,2.4,5.2,1
"1081",4.8,6,2.8,1.2,4.8,1
"1082",5.8,4,5,1.6,4.8,0
"1083",6,5.4,5.2,2.4,4.6,1
"1084",4.6,2.6,3.6,5,3.6,1
"1085",5.8,4.8,4.2,2.8,5.4,1
"1086",4,2.8,3.8,3.6,2.8,0
"1087",3,2.6,3.6,2.6,3.4,1
"1088",5.8,4.4,4.4,4.2,4.4,1
"1089",5.2,4.6,4.4,3.4,4.6,1
"1090",5.6,5.4,3.6,2.6,4.2,1
"1091",4.2,4.2,3.6,5.4,4.2,1
"1092",5,4.4,4.2,4.6,5.2,1
"1093",2.4,4.2,3.6,5.2,5,1
"1094",3.4,3.4,3.6,2.2,5.4,0
"1095",3.6,5,4,3.8,4.4,0
"1096",1.8,2.6,1.8,5.4,4.4,1
"1097",4.4,5.6,4,3.6,4.6,1
"1098",5.8,3.4,4.4,2.2,5.2,1
"1099",4.4,4,2.6,3,5,1
"1100",4.4,4.8,2.8,3.8,4.8,1
"1101",4.6,4.6,4,2.4,4.2,1
"1102",3,3.6,2.8,2.2,4.2,0
"1103",5.6,2.8,5.4,2,4,1
"1104",4.2,4.2,3.6,2.2,4.8,0
"1105",3.6,4.4,4.2,5.8,6,1
"1106",4.8,2.8,5.2,4.2,5.6,1
"1107",4.8,4.8,4.8,2,4,0
"1108",5.4,4,5,2.8,5.6,0
"1109",5.4,3.8,4.8,4.2,5.2,1
"1110",4,5.8,4.2,3.8,3,1
"1111",4.4,4,3.2,3.8,4.4,1
"1112",5.2,3.4,4.8,4,5.4,0
"1113",5.2,4.2,4.4,1.8,4.8,1
"1114",4,5.2,3.6,3.4,4.4,1
"1115",5.8,5.6,4.8,2.4,4.6,1
"1116",3.2,2.6,2.2,5,3.2,1
"1117",4,5.6,4,2.4,4.2,1
"1118",5.2,4.2,3.8,2.8,3.8,0
"1119",2,3,3,1,3,0
"1120",5.6,5.6,5.2,3.8,5.6,1
"1121",6,4.8,5.8,1.6,6,0
"1122",5,4.6,5,3.6,5.2,1
"1123",5.2,5.8,3.4,5.2,3.6,1
"1124",4.2,5,3.2,1,5.8,0
"1125",3.4,5,2,3,5,0
"1126",5.2,4.4,5.2,4,5,1
"1127",2.8,3.6,1.4,3.8,5.2,1
"1128",3.6,4.8,1.8,3.4,3.8,1
"1129",3.4,4.4,2.8,4.8,5.4,1
"1130",4.2,3.6,4.4,4,3.4,1
"1131",2.8,4.4,1.6,3.2,4,1
"1132",3.8,4.6,4.4,2.6,5,0
"1133",5.2,4,3.4,4.2,5,1
"1134",5.2,4.8,5,2,4.2,1
"1135",3.8,5,5.2,1,6,0
"1136",5.6,6,5.2,1.6,5.6,1
"1137",2.8,2.6,1.6,4.4,3.4,1
"1138",4.6,4.2,2.4,3,5.2,1
"1139",3.8,1.8,1.4,3.2,3,0
"1140",3.6,3,3,4.2,3.4,0
"1141",4,5.4,2.2,2.8,3,1
"1142",5,4.6,5.8,2,5.6,1
"1143",4.6,5.4,3.6,2.8,5.2,0
"1144",4.6,4.4,3.2,2.2,4.8,1
"1145",2.6,3.4,2.2,3,5.6,0
"1146",5.2,5.2,5,3.8,3.4,1
"1147",4.8,2.8,2.6,2.6,4.4,0
"1148",5,2.4,4.6,3.8,4.4,1
"1149",5.8,3.2,4.6,2.8,5.4,0
"1150",3.8,3,2.6,4.2,2.2,1
"1151",5.8,5,5,2.8,5,1
"1152",4.6,5,4.2,2.8,4.6,1
"1153",5,3.2,2.8,4.2,4,1
"1154",4,3.6,3.6,5.6,3.8,1
"1155",2.6,3.8,4.2,5.6,3.8,1
"1156",4.6,2.2,5.2,2.8,5.2,1
"1157",3.6,3,2.8,5.6,4.2,1
"1158",2.6,4,2,1.4,4.2,0
"1159",5.2,3.6,5.2,2.4,4,1
"1160",5,4.8,5.2,3.2,4.4,1
"1161",4.6,4.2,3.6,2.4,4.8,1
"1162",4.8,1.8,1.8,6,4.2,1
"1163",5.4,3.8,5,1.6,3.8,1
"1164",4.4,4.2,2.6,3.6,4.2,1
"1165",5,5.2,2.8,3,4.6,1
"1166",5.4,4.4,4.8,4.6,5.2,1
"1167",5,5.2,5.4,2,4.4,1
"1168",3.4,5.2,3.4,3.8,5.2,0
"1169",5.6,4.4,4.8,2.4,5,1
"1170",4.4,3.2,5,3,6,0
"1171",5.4,3.8,4.4,3.6,4.6,0
"1172",4.2,3.6,4.6,2.4,5.2,0
"1173",4.8,5,3.2,3.6,4.4,1
"1174",5.2,5.8,5.2,3.4,5.4,0
"1175",2.2,3.4,2,1,5.4,0
"1176",3.4,3,2,1.4,5.4,1
"1177",4,5,4.8,3,3.8,1
"1178",4,4,3.6,3.8,4.2,1
"1179",5.6,5,5,1.2,4.8,1
"1180",5.4,4.4,5,3,4.4,1
"1181",4.2,5.6,4.8,3.2,3.8,0
"1182",3.2,4.4,3.2,3.2,5.6,1
"1183",3,4.4,3,2.8,5.6,1
"1184",5.6,1,3,5.8,6,1
"1185",5.8,4.6,5.8,2.8,5.2,1
"1186",3.8,3.8,4.8,2.6,6,1
"1187",5.4,3.4,5.4,3.2,6,0
"1188",5.4,4.8,5.2,1.6,5.4,1
"1189",3.4,2.6,4.8,4.8,3.4,1
"1190",4.8,4.2,4,3.2,5.4,1
"1191",4.2,4,3.2,3,3,1
"1192",4,5.6,4.2,3.6,5.6,1
"1193",4.8,3.2,3.8,3.2,5.4,1
"1194",4.6,3.6,3.6,6,3.6,0
"1195",5,5.4,4.4,3.2,4.2,1
"1196",4.8,3.2,2.2,5.2,5.2,0
"1197",4.6,3.4,5.8,4.6,4,1
"1198",4.2,4.2,4.2,3.6,5.6,1
"1199",3.8,5.2,1.4,2.6,5.6,0
"1200",4.2,5,4,1.4,3.8,0
"1201",3.8,5.6,5,3.6,5,1
"1202",1.8,1.4,1.6,5.6,3.8,1
"1203",5.4,5.8,5.2,4,5.4,1
"1204",4.4,4.2,5.4,2,5.8,0
"1205",4,3.2,3,5,5.2,0
"1206",5,4,4,1.8,4.4,0
"1207",2.8,2.8,4.4,3.4,4.8,1
"1208",4,4.6,2.8,1,5.4,0
"1209",5.4,2.8,5.4,4.6,4.4,1
"1210",4.8,2.6,3.6,4.4,3.6,0
"1211",4.8,4.2,4.4,4.4,4.8,1
"1212",5.4,3.6,2.6,3.4,3.8,1
"1213",4.4,5,3,6,4.8,1
"1214",4.4,5.6,5,1.6,4.8,0
"1215",5,2.8,4.8,3.6,4.4,1
"1216",3,2.8,4.6,4.2,4.6,1
"1217",4.4,4.6,4.4,2.2,3.4,1
"1218",5.8,4.6,4.8,4.6,5.4,1
"1219",3.8,4.8,4.8,3,4.2,1
"1220",6,4.8,5.4,1.8,4.8,1
"1221",5,2.4,3.4,4.2,2.6,0
"1222",2.6,4.4,2.4,4.2,2.4,1
"1223",4.2,4.2,4.2,4.4,4.4,0
"1224",5.2,5.6,4.8,2.2,5.6,1
"1225",3.6,3,4.2,3,5,1
"1226",4.8,4,4.6,2.6,4.8,1
"1227",4.4,3.8,3.8,5,3.8,0
"1228",5.4,4.6,5,5.2,5,1
"1229",6,3.4,4.4,2.4,5,0
"1230",4,4.4,3.4,2.2,5.8,1
"1231",4,4.2,4,6,4.6,1
"1232",4,5.4,4.4,1,4.8,1
"1233",6,4,4.8,3.8,5.4,1
"1234",4.6,4,4.4,5,4.4,1
"1235",4.6,5,4.4,4,5.4,1
"1236",4,4.4,3.6,4,5.4,1
"1237",4,5.8,3.6,2.6,5.4,1
"1238",4,5.4,3.6,2.6,5.4,1
"1239",4,5.4,3.6,2.2,5,1
"1240",4,5.4,3.6,2.8,5.6,1
"1241",4,5.4,3.6,2.2,4.6,1
"1242",4,5.4,3.6,3.2,5.6,1
"1243",4,5.4,4.6,3.2,5.6,1
"1244",3.4,4.2,3.6,2,2.8,1
"1245",4,4.2,2.4,5.2,4,0
"1246",4.4,4.4,4.6,6,3.2,1
"1247",4.4,4.2,3.2,3.2,3.8,1
"1248",3.8,3.6,3.8,4.6,4.4,1
"1249",5.4,5.4,5,1.4,4.6,0
"1250",4,4.6,4.4,3.2,4,1
"1251",3.6,4.2,3,2,4.4,1
"1252",5.2,5.4,5,1.4,3.8,0
"1253",3.2,3.4,2.8,2.6,5.6,0
"1254",4.2,3.8,4.8,1.8,3.4,1
"1255",3.2,4.4,3,4,5.8,0
"1256",4.4,3.2,3.2,2.6,3.4,0
"1257",3.6,4.4,3.6,3.8,3.8,1
"1258",5,4.6,5.4,2.4,5.2,0
"1259",4.6,3.2,3,5,3.8,1
"1260",2.8,4.8,5,2.2,5.4,1
"1261",2,3.6,3.4,3.6,4,1
"1262",5.2,5.6,4.8,4.2,5.6,0
"1263",4.8,4,4.2,2.6,3.8,1
"1264",5.4,4,4,4,6,1
"1265",3,3.6,4,3.8,6,1
"1266",3.8,4.4,3.6,1.8,5.2,0
"1267",4,4.4,4.4,4.4,5.6,1
"1268",5.2,4.4,3,4,5.2,1
"1269",6,6,4.8,2.8,4.8,0
"1270",5.4,6,5,2,5.4,0
"1271",3,5.8,2,3,4.6,1
"1272",5.2,3.4,4.4,2.8,5.6,1
"1273",4.6,4.6,3.4,2.2,4.8,1
"1274",4.8,5,3.2,2.2,4.4,1
"1275",4.6,3.8,3.4,3,4.4,1
"1276",4.2,3,4.4,4.8,5,1
"1277",3,5.4,5.4,1.2,6,1
"1278",4.8,5.2,4.8,2.4,5,1
"1279",4.4,4,3.4,2.8,4.8,0
"1280",5.2,4.4,5.4,1.8,4.6,0
"1281",6,4,5.6,1.4,4.4,1
"1282",4.2,2.8,4,4,3.8,1
"1283",3.6,3.6,2.6,1.6,4,0
"1284",3.6,3.6,3.8,3.8,3.2,1
"1285",3.8,3.4,4,4,4.2,1
"1286",5.4,4.8,5.4,2.2,5.6,1
"1287",4.4,3.6,4.4,2.4,5.2,0
"1288",4.2,2.8,1.4,4.4,4.2,1
"1289",3.4,3.8,2.8,2,4.4,1
"1290",2.8,3.4,4.6,1.8,5.6,1
"1291",5.2,5.8,5,2.4,5.4,1
"1292",4.8,5.6,5.8,2.2,5.2,1
"1293",4.2,3.8,4.2,2,4,0
"1294",5,5.2,5.2,2,4.4,1
"1295",4.2,2,2,4,5,1
"1296",5.8,4.4,4.8,4,4.2,1
"1297",5.2,5.2,3.8,3.6,4.6,1
"1298",6,6,6,1,6,0
"1299",5.8,2.2,4.4,1.4,4.6,0
"1300",5.6,4.6,5.4,2.2,5.4,1
"1301",5.2,2.4,5,4.8,3.8,1
"1302",3.2,4.8,3.4,3,4,0
"1303",3,4.4,2,4.4,5.8,1
"1304",4,3.4,4.6,5,4.2,1
"1305",5.4,3.8,5.4,2.6,4.4,1
"1306",5,4.6,5,2.4,5.2,1
"1307",4.4,3.8,4,3,3.8,1
"1308",4.2,2.6,3.8,4,3.8,1
"1309",6,4.6,5,3.2,5.2,1
"1310",5.2,3.8,3.6,2.6,5,1
"1311",5.8,5.4,5.6,3.4,5.6,1
"1312",5.2,5.4,4,1.2,3.2,1
"1313",5.4,4,4.2,2.8,5,0
"1314",5,3.8,4.2,4.6,4.8,0
"1315",3,3.8,3.2,2,6,0
"1316",4.6,5.8,4.6,2.8,6,0
"1317",3.8,3.4,5.2,4,3.8,1
"1318",5.2,4,4.6,4.2,4.6,0
"1319",4,3.2,5,3,3.8,1
"1320",5.4,3.6,4.6,4.4,5.6,1
"1321",6,4.8,5,1.2,4.6,0
"1322",4.8,4.2,5,4,3.6,1
"1323",4.8,4.4,5,3.8,4,0
"1324",4.4,4,5.8,1.4,4.8,0
"1325",5.2,3.8,3.8,2.4,4.4,1
"1326",3.8,5,5,2.4,4.4,0
"1327",4.2,3.8,4.2,5.4,3.6,0
"1328",6,3.8,5.4,3.8,6,1
"1329",4.6,3.2,4.6,5,5.2,1
"1330",3.4,3.6,2.6,4.8,5.8,1
"1331",3.4,5.6,3.6,3.2,3.6,1
"1332",5.8,5,4.6,4.2,5,1
"1333",3.6,5.2,5,3.4,4.6,1
"1334",3.6,2.8,6,2.4,5.6,1
"1335",5.2,3.6,3,5.2,4,0
"1336",4.8,4,4,3,3.8,0
"1337",5.6,6,4.8,1.4,4.8,0
"1338",4.8,3.6,3,5.2,5.4,1
"1339",6,5.2,6,2.2,4,1
"1340",4.6,3,3.8,5.6,3.4,1
"1341",4.6,4,3.8,2.2,4.6,0
"1342",3.2,4.2,3.2,2.4,4.8,0
"1343",3.6,4.6,5,3.2,5,1
"1344",4.8,4.4,3.4,4.6,4.8,1
"1345",6,6,5.6,4.8,5.2,1
"1346",4.8,4.6,5,2,4.2,1
"1347",5.4,4,5.2,4.4,4,1
"1348",5.8,5.6,4.8,1.2,4.4,1
"1349",5.2,5.2,4.4,1.6,4.4,0
"1350",4.8,4.4,3.8,4.2,5.6,1
"1351",4.2,3.2,4.4,4,4.4,1
"1352",4,3.6,2.4,4.4,3.2,0
"1353",4.8,4.8,5.6,2.6,4,1
"1354",4.6,3.8,3.4,2.4,3.6,1
"1355",4.4,4.2,4,3.4,5.4,1
"1356",5,3.6,4.2,3.6,3.4,1
"1357",3.6,4.2,3.8,2.6,3.2,0
"1358",3.8,5.2,3.6,2.8,4.4,0
"1359",3.4,4,2.8,4,5.2,1
"1360",4.4,3,5,4.2,5.2,1
"1361",4.8,3.6,3.8,2.8,3.8,1
"1362",4.8,3.6,3,4,4.6,1
"1363",5.2,4.2,3.4,2.2,3,1
"1364",5.6,3.2,4.2,2.6,5,1
"1365",6,6,5.2,1.8,5.8,0
"1366",3.4,2.8,4.6,1.8,5.2,0
"1367",4.4,4.4,2.6,1.2,5.4,0
"1368",2.4,2.8,3.4,5,5.4,1
"1369",6,5,6,1,4,1
"1370",3.4,4,2.6,4.2,3.4,1
"1371",4.4,2.6,4,1.8,5.4,1
"1372",5.2,2.8,4.6,4.8,3.2,0
"1373",3.6,5.2,2.4,4.6,6,0
"1374",4.4,3.2,4.8,3,4.4,1
"1375",5,4.4,4,4,4,1
"1376",5.6,3.2,4,2.8,3.8,1
"1377",5.8,5.2,4.4,3.4,5,1
"1378",4.4,3.4,4.8,2.2,4.6,1
"1379",4.4,3.6,5,2.2,4.6,1
"1380",4.8,3.6,5.2,2.2,5,1
"1381",4.4,3.6,5.2,2.4,5,1
"1382",4.4,3.6,3.6,4,4,1
"1383",4.4,4.2,4.6,2.8,4.6,0
"1384",5,4.2,5,4.2,5.8,1
"1385",3.4,5.8,3.6,3.2,4.6,1
"1386",5.6,3.6,5.2,2,3.4,0
"1387",5.4,4.2,4.6,3.2,5.2,1
"1388",3.6,3.8,2.8,4.8,5.4,0
"1389",4.8,3.4,2.2,1.8,4.6,0
"1390",5.4,3.2,3.6,2.8,4.2,1
"1391",5.6,3.8,4.6,3.8,3.8,0
"1392",5.6,5,4.8,5,6,1
"1393",5.8,5.2,3.8,3.6,5,1
"1394",5.8,5.8,4,1.6,5.6,1
"1395",3.2,5.6,4.4,2.6,5.4,0
"1396",5.2,5.6,4.6,3.4,5.4,1
"1397",5.4,2.4,4,1.6,4.8,0
"1398",4.8,2,3.4,2.4,3.8,1
"1399",5.2,5.4,5.2,1.4,5.2,1
"1400",5.8,6,4,5.6,4.8,1
"1401",6,5.4,4.6,1.4,5.4,1
"1402",3,2.8,4,6,3.2,1
"1403",5.2,4,4.4,4.2,4.2,1
"1404",5,3.2,3.6,3.8,3.6,1
"1405",5.6,2.6,2.8,4.6,5.6,0
"1406",6,5.2,4,4,3.6,0
"1407",5.4,3,5.6,4,3.6,1
"1408",4.8,4.8,4.8,3.6,4,1
"1409",4,4.6,1.8,3,5.8,0
"1410",5.2,3.2,5.4,4.2,4.4,1
"1411",3,3.4,3,1,3.2,0
"1412",4.6,5.2,4.4,4.4,4.4,1
"1413",5,4.6,3.6,2.2,3.2,0
"1414",5.4,4,4.2,2.2,4,1
"1415",4.2,4.8,3.4,2.8,4,0
"1416",3.8,4.2,4.2,4.8,4,1
"1417",4.8,5.2,2.6,5.4,5.4,1
"1418",5.6,4.8,5.4,2.4,4.6,1
"1419",4,3,2.6,3.4,4.6,1
"1420",3.8,3.4,4.6,4.6,5,0
"1421",4,4.6,3.2,4.2,5,1
"1422",5.6,5,5.4,1.6,4.8,1
"1423",4,4.6,4.6,6,5.2,1
"1424",4.6,5.6,5.6,1,4.8,0
"1425",1.8,3,3.6,4.6,4.2,0
"1426",4.6,3.4,4.4,3.6,5.6,0
"1427",5.4,5.4,3.4,3.4,6,1
"1428",5.6,4.8,5,2.6,3.6,1
"1429",4,3.2,3.4,4.4,4,0
"1430",6,3,4.6,6,6,1
"1431",4.4,4.2,4.4,2,5.2,0
"1432",3,3.8,3.4,3.4,4.8,0
"1433",5.4,5,4.8,4.4,5.4,1
"1434",4.4,5,3.6,4.2,5,1
"1435",4.8,4.4,5.6,2.2,3.8,1
"1436",5.2,5.4,5.6,1.2,4.2,0
"1437",5.6,4.2,5.8,2.6,5.6,0
"1438",4.6,5,5,4.4,4.8,1
"1439",3,4,4,5.4,4,0
"1440",5.8,4.6,5.4,2.6,4.6,1
"1441",4.8,4.8,5.2,2.6,4.2,1
"1442",6,4.8,4,3,5,1
"1443",4,4,4,3.4,4.2,1
"1444",3.8,4.2,4,2.2,6,0
"1445",5.4,3.6,3.6,4.6,5.4,0
"1446",4.6,5,2.6,4.6,5.8,1
"1447",5.6,5,2.4,3.2,4.4,1
"1448",6,5,5.6,2.4,5,1
"1449",4.8,4.4,4,2.6,2.6,1
"1450",6,4.4,5,2.6,5.4,1
"1451",5.4,2.8,5.8,1.4,3.8,0
"1452",4,5,5.2,4.2,4,1
"1453",5.4,5.2,5.6,2,4.8,0
"1454",5.8,4.8,5.4,2,4.8,0
"1455",2.8,5.4,2.4,2.8,3.4,1
"1456",5.2,5.2,5.4,2,5.2,1
"1457",5.4,3.4,5,2.2,5,1
"1458",4.4,2,3.4,5.8,2.6,1
"1459",4.4,4.2,3.8,4.2,5,0
"1460",4.6,4.6,4,4.8,5,1
"1461",2.4,2.4,2.8,4.2,5.2,1
"1462",5.4,4.8,4.4,1.6,5,0
"1463",5.2,5.8,5.4,1.4,5.4,0
"1464",5,4.2,4,1.4,4,1
"1465",4.6,5.8,4.6,3.4,5.2,0
"1466",4,3.8,4,3,5.2,0
"1467",4.4,4.4,2.8,2.2,4,1
"1468",4.4,5,4,3.2,4.6,1
"1469",4.8,4.2,5,1.4,5.6,1
"1470",5.6,4.8,4.8,3.4,4.8,0
"1471",4,2.4,3.2,5.2,3.2,1
"1472",4.8,4.6,4.6,2.8,5,1
"1473",6,4.4,6,1.6,5.6,1
"1474",5.4,4.8,2.8,5.2,5.6,1
"1475",5.2,5,5.8,1,6,0
"1476",5.4,4.2,5.6,1.6,3.8,0
"1477",2.6,6,2.6,3.2,5,0
"1478",5.2,4,2.8,4.4,5.6,0
"1479",5.2,4.8,5.4,3.2,5.2,1
"1480",6,4,4,3.6,5,1
"1481",3.4,2.4,1.4,5.4,4.6,1
"1482",5.2,5.6,4.4,3.4,4.4,1
"1483",5.6,2.4,5.6,4.2,4.4,1
"1484",5.2,5.8,5.2,1,4.8,0
"1485",5.8,4.2,4.6,3.2,4.4,1
"1486",5.2,5.6,5,3.2,5,1
"1487",6,5.4,6,5.4,5,1
"1488",5.4,3.8,5.2,2.6,4.4,0
"1489",5.2,4.4,4.2,2.8,5.2,0
"1490",6,5.6,5,2.4,5.8,1
"1491",5.4,3.6,5.2,1.6,4.8,1
"1492",5.4,3,4,4,5.4,0
"1493",4,3.4,4.2,5.4,4.4,1
"1494",5.6,4.8,5,1.4,4.6,1
"1495",4.2,3.2,3.2,4.2,4.2,1
"1496",5.4,2,2.8,5.4,3.8,0
"1497",5.6,5.2,4,3.8,5.2,1
"1498",5,4.2,5.6,2,4.8,1
"1499",5.6,4.2,5,1.6,5.2,1
"1500",5.6,4.2,4,1.2,4.6,1
"1501",2.4,5.4,3.8,2.8,5.6,1
"1502",5.6,5.4,4,4,5.4,1
"1503",6,4,5.2,2.2,6,0
"1504",5.4,4.4,5.2,1.8,4.4,1
"1505",4.2,2.8,5.8,3.6,5,1
"1506",4.8,4.8,4.2,4.2,4.4,1
"1507",4.8,4.8,3.6,2.4,4.6,1
"1508",5.6,5,5,2.6,4.4,1
"1509",5.2,5,5.8,1.8,5,1
"1510",4.2,3.6,3,2.6,4.2,1
"1511",4,5,5,5.2,4.4,0
"1512",2.8,4.6,5.4,3,4.6,1
"1513",4.8,4.4,4.4,4.2,4.6,0
"1514",5.4,2.2,5.4,1.6,5,1
"1515",4.6,4.8,3.2,3.6,4.2,1
"1516",5.4,4.2,4.8,3.8,5,1
"1517",5,5.6,4.8,4,5,1
"1518",4.6,4.6,4.4,4.4,5.2,0
"1519",5.6,4.8,5.4,4,5.2,0
"1520",5.8,5.4,4,2,3.6,1
"1521",5,5.8,5,2.6,4.6,1
"1522",4,5,2.8,5.6,3.4,1
"1523",3.4,3,1.6,4.4,5.8,0
"1524",6,4,4.8,3.6,4.4,1
"1525",2.8,4.8,4.2,3,4,1
"1526",4.8,4.2,4.2,3,3.8,1
"1527",5.2,4.6,4,3,4.4,1
"1528",5.6,5.4,6,1.8,4.4,1
"1529",3.2,4,1.8,2.6,5.8,1
"1530",5,6,6,3.4,6,0
"1531",4.8,3.8,3,6,5.6,1
"1532",4.8,4.8,4.4,2.4,5,0
"1533",5.6,5.4,5,1.8,4.8,1
"1534",5.4,3.8,5.2,3.2,4.4,0
"1535",2.6,5.4,5.6,4.6,4,1
"1536",6,6,6,3,5.8,1
"1537",2.6,3.8,3.6,3.6,4.2,0
"1538",5.2,4.8,4.6,3.6,3.8,1
"1539",4,3.8,3.2,6,4.2,0
"1540",3.2,3.8,3,4.2,4.4,0
"1541",4.6,3.8,3.8,2.8,4,1
"1542",3,4.4,3.6,3.8,5.6,1
"1543",5.8,5.8,3.6,3.6,4.8,1
"1544",5.6,5.2,4.2,2.8,5,1
"1545",5.2,4,4.4,3.4,4.2,1
"1546",4.4,2.6,3,3.6,3.8,0
"1547",3.6,5.4,2.6,5,4.2,1
"1548",4,4.6,3,4.6,5.4,0
"1549",4.8,4.8,5.6,2.8,4.2,1
"1550",2.8,3.4,3.4,6,3.8,1
"1551",5.8,4.8,4.6,4.4,4.8,0
"1552",4.8,4,3.6,3.4,4.2,1
"1553",5.8,4.6,5.4,1.8,4.6,0
"1554",4.8,4.6,4.6,2.8,4.2,1
"1555",5.6,6,5.6,3,5.6,1
"1556",4.2,4.6,3.2,1.4,4.4,1
"1557",5,4.2,4,3.4,4,0
"1558",3.2,3.8,3.6,4.4,5,0
"1559",4.8,4.4,3.4,1,4.6,1
"1560",5.6,5.8,5.6,1.8,5.2,1
"1561",4.8,5,5.2,2.8,4.8,0
"1562",6,5,5.2,2,4.6,1
"1563",5.2,3.2,4.2,1,4.8,1
"1564",6,6,5.4,3.8,5.4,1
"1565",6,4.2,4.8,4.2,3.2,1
"1566",5.8,4.6,5.8,3.4,5,0
"1567",4.2,4.4,4.6,4.2,4.8,0
"1568",4.4,3.4,3.8,2,4.6,1
"1569",5.6,3.8,4.2,2,4,1
"1570",4,3.2,5.4,6,4.6,1
"1571",5.2,5.6,5.8,2.6,5,0
"1572",4.6,4.8,4,2.8,3.6,0
"1573",4.4,5,5.6,2.6,4.8,0
"1574",5,5.4,5,3.2,4.2,1
"1575",4.6,5.2,6,3,4.4,1
"1576",4,4,3.8,2.8,3.4,0
"1577",5,5.2,5.4,3.6,4.6,0
"1578",5.4,4.4,4.2,1.8,3.6,1
"1579",5.6,4,6,4,6,1
"1580",6,3.8,5.2,3.6,5,1
"1581",5.6,3.6,4.8,4,4.6,1
"1582",5.4,5,5.2,1,5,1
"1583",3.6,3.4,4.2,2.6,4.8,0
"1584",5.8,4.4,4,2.8,2.4,1
"1585",5.4,5.8,5,3.8,4.8,0
"1586",4.6,4.4,2.2,3.4,3.6,1
"1587",4.8,5.2,6,2.2,5.4,1
"1588",5.2,4.4,5.2,3,3.2,1
"1589",5,3.6,5,4.6,4.4,1
"1590",3.6,4.6,3.6,4.4,3.2,0
"1591",5.2,3.4,4.8,2.6,4.2,1
"1592",5,4.4,3.6,2.2,4.4,1
"1593",5.6,3.8,4,3.8,3.4,1
"1594",5.8,5,4.8,2.8,3.8,1
"1595",5,4.6,3.6,5.4,4.2,1
"1596",4.2,5,5,3.4,4.8,0
"1597",5.6,3.8,3.4,3.2,4.2,1
"1598",4.8,5.4,3.2,2.2,3.6,1
"1599",3.8,4,5,1,4.8,1
"1600",5.2,5,4.2,1.8,4.6,1
"1601",5.6,3.8,4.6,5,5.2,1
"1602",4.6,3.8,4.2,5.8,4.2,1
"1603",4.6,5.8,6,4.2,5.8,1
"1604",5.6,5.2,4,1.6,4.8,1
"1605",4.4,4,1.6,5,4,1
"1606",5.4,4.8,5.6,3.4,4.6,1
"1607",5.2,4.8,3.8,2.2,4.8,0
"1608",4.8,4.2,5.8,2.2,5,0
"1609",4.4,3.2,4,4,4.2,1
"1610",5.2,3.4,3.6,3,4.6,1
"1611",4.4,5.2,4.8,3.4,4.6,0
"1612",5.6,5.8,5.8,1.8,4.6,1
"1613",5.4,3.8,4.6,3.4,4.2,1
"1614",4.6,4.2,4.2,3.8,5,1
"1615",5.6,4.8,5.6,1.2,5.4,0
"1616",6,3.2,4.8,5.6,5.8,1
"1617",5.4,3.8,5.2,3.8,4.2,1
"1618",4,5.4,1.8,6,5.8,1
"1619",4.4,5.2,3.8,1.6,4.8,1
"1620",4.6,3.8,3.6,3.2,3.8,1
"1621",6,4,4.6,3.6,3.8,1
"1622",4,4,3.8,2.4,3.4,1
"1623",5.8,5.8,3.8,1.6,4.8,1
"1624",4.2,4.2,5,3.4,3.8,1
"1625",5.4,4.8,4.4,3.4,4.8,1
"1626",5.6,4.8,5,3.8,4.2,1
"1627",4.6,3.4,2.8,3,4.4,0
"1628",6,5.6,6,3.4,5,1
"1629",4.8,2.4,3.4,2.8,4.8,0
"1630",5.2,5.8,6,1.2,6,1
"1631",4.8,5.2,5.6,2.4,5,0
"1632",5.4,4.6,3,2.8,4.8,1
"1633",5.6,3,2.8,1.8,3.6,1
"1634",5.8,4.8,4.2,2.6,3.2,1
"1635",5.2,5,4.8,2,5,1
"1636",2,3,3,1,3,0
"1637",5.8,4.6,5,3.6,5.2,1
"1638",5.4,5.6,3.2,4,3.6,1
"1639",3.6,4.8,2.2,3.4,3.6,0
"1640",5,4.6,3.6,3.8,4.4,1
"1641",3.4,5.6,3,4.6,4,0
"1642",5.4,3.8,4.2,2.6,4,0
"1643",5,4,2.4,3.8,5.2,1
"1644",5.2,3.6,4.4,2,4.2,1
"1645",4.6,5,4.8,2.4,4.4,0
"1646",3.8,3,1.6,1.6,3,0
"1647",4.4,6,2,3.2,2.8,1
"1648",3.6,3.6,2.4,4,4.8,1
"1649",5.8,5,5.4,2,4.8,1
"1650",5.8,5.6,5,1.4,5.2,1
"1651",5.2,5.4,5.8,1.6,5,0
"1652",5.6,5.8,5,3.8,5,1
"1653",4.6,5.6,6,1.2,5.8,0
"1654",5.6,5.4,4.6,4,4.4,1
"1655",5.4,5,5.2,3.6,3.6,1
"1656",4.4,5.2,3.6,4.2,3.6,1
"1657",5,4.4,4.4,4.2,3.2,1
"1658",3.8,2.4,6,3.6,5.8,0
"1659",4.8,4.8,4.6,1.8,4.8,1
"1660",4.4,3.4,4.8,2.6,4,0
"1661",4.8,5.2,6,3.2,6,1
"1662",4,4.6,2.6,3.4,3.6,0
"1663",4.4,5.4,4,2.8,4.2,1
"1664",5.4,3,5,4.4,5,1
"1665",6,5,4.8,2.6,5.6,1
"1666",4.4,3.6,2.6,4,4.6,1
"1667",6,5.8,5.2,1.8,4.2,1
"1668",4.2,4.8,4,4.2,5,1
"1669",4,3.2,5.2,3.8,3.2,1
"1670",5,5.2,5.2,2,4.6,1
"1671",6,4,3,5.4,5.4,1
"1672",5.4,5.2,3.8,3.6,4.4,1
"1673",4.8,4.4,3.8,3,3.8,1
"1674",5.6,4.8,1.4,3.2,4.2,0
"1675",4.4,4.2,3.4,4.2,5,1
"1676",2.6,4.2,3.8,4.8,3.8,0
"1677",6,5.2,5.4,3,5,1
"1678",6,5.8,5.6,1.8,5.8,1
"1679",2.6,3.2,4,4.8,5.2,0
"1680",4.6,3.2,4,6,5.2,1
"1681",4.6,4,3.4,4.4,3.8,0
"1682",3,5.4,3,4.6,5.6,1
"1683",5.8,5.8,4.8,1.8,5.4,1
"1684",6,4.8,5.6,2.6,5.8,1
"1685",4.2,2,3.2,2.2,4.4,1
"1686",5.4,5.4,4.2,4.8,5.6,1
"1687",5.2,4,4.6,3,4.6,1
"1688",5.4,3.6,6,5.2,5.8,1
"1689",6,3,4.8,4.8,5.8,0
"1690",5.8,5,5.6,2,5.4,1
"1691",4.4,2,4.6,4,5.8,0
"1692",5.4,6,5,2,4.4,0
"1693",4.2,5.4,4.8,1.8,4.8,0
"1694",4.4,3.4,3.8,4.4,3.6,1
"1695",3.6,4.4,1.6,1.8,4.4,0
"1696",2.6,2.6,3.6,2.8,5,0
"1697",5.8,5.6,4,2.8,5.2,1
"1698",4.6,4.6,3.8,3.4,3.8,1
"1699",5.4,4.2,4,5.4,4.4,1
"1700",5.8,5.4,4,1.8,4.8,1
"1701",4.8,2.8,5.6,3.8,3.2,0
"1702",5.2,4.6,3.8,4,4.6,1
"1703",5.4,5.2,5.2,2.8,4.6,1
"1704",5.4,5.2,4.4,1.6,4,1
"1705",5.6,5.4,4.8,2.8,4.8,1
"1706",5.2,4.4,6,2.4,5.4,0
"1707",4.4,4.4,5.8,3.2,5.4,0
"1708",4,4,3.2,4.2,3.6,0
"1709",4.2,3.8,4,3.4,3.8,0
"1710",3.8,6,5.4,2,3.4,1
"1711",5.8,4.2,4,1.8,4.6,1
"1712",4.8,4.8,3.8,3.6,4.4,1
"1713",5,3.2,4.6,3,6,0
"1714",5.4,4,5,2.8,4.2,1
"1715",4.8,4.6,5.4,4.4,4.2,1
"1716",4.2,5.2,2.8,2.8,4.4,1
"1717",5,4.4,3.2,1.6,4.8,1
"1718",5.6,5.4,5,2.8,4.2,1
"1719",5.4,4.8,3.6,2.4,5.4,1
"1720",6,4.8,3.6,3,5.4,1
"1721",4,2,2.6,4.8,5.6,1
"1722",2.8,4.6,2.8,2.8,5.4,0
"1723",5.2,3.4,4.2,3,4.6,0
"1724",6,5.6,3.8,3.4,4.4,1
"1725",4.2,2.8,3.6,1.8,4.8,0
"1726",5,5,4.8,2.4,3.8,1
"1727",3.4,4.8,4.6,3.4,5.6,1
"1728",4.8,4.6,3.8,4,3.4,0
"1729",4.4,4.8,3.2,2.2,3.6,0
"1730",4.8,4.8,2.8,1.8,4.6,1
"1731",5.8,5,5.2,1.6,4.2,1
"1732",5.8,4.8,4.2,2,3.4,1
"1733",4.8,3.6,3.6,3.4,5.6,0
"1734",5.4,4,4.6,2.8,4.4,1
"1735",5.6,4.6,4.2,4.4,5.6,1
"1736",4.8,3.4,3.2,3.8,4.8,0
"1737",3.4,4,3,4,5.4,0
"1738",3,4,3,1,6,1
"1739",4.6,4.8,4.2,1.4,3,0
"1740",3,4.6,1.6,5.4,3.8,1
"1741",6,4.4,5.2,1.8,5.2,1
"1742",5,3.6,4.6,1.8,4.2,0
"1743",4.8,4.8,2.8,4,3.8,0
"1744",5.6,4.4,3.6,1.4,4.4,1
"1745",4,4,2.8,3.8,4.4,0
"1746",4.4,3.6,1.8,2,5,1
"1747",5.2,2.6,3.2,4,3.4,1
"1748",4.4,3.4,4.4,4.2,5.2,1
"1749",4.8,4.8,3.8,3,4.6,1
"1750",5.4,4.8,4,2.2,3.6,1
"1751",4.4,4,2.8,3.2,4.4,1
"1752",5.8,5.6,4.4,3.4,5,1
"1753",5,5.2,4.8,3.6,5.2,1
"1754",4.6,5.2,1.8,1.8,5,1
"1755",5.8,5.4,5.2,1.4,5.2,1
"1756",4.6,4.8,3.8,3,4.6,1
"1757",5.8,5,5.4,4,4.8,1
"1758",5.2,3.2,5.4,3.6,4.6,1
"1759",5,5,5,3.8,5.4,1
"1760",4.6,2.2,3.2,3.4,4.4,1
"1761",4.8,3.8,3,3.4,4.6,1
"1762",5.8,4.4,4.6,2,4.6,1
"1763",4,4.4,4.6,3,5.2,0
"1764",5.4,5.8,2.4,5.4,3.8,1
"1765",3.8,4.8,4.4,5.8,5.8,1
"1766",4.2,3.6,3.8,3.4,3.4,0
"1767",5.8,5,5.8,1,6,1
"1768",5.4,3.8,4.4,1.4,5,0
"1769",4,3.4,4,1.8,5.2,1
"1770",5.8,3.4,4,2.4,4.4,1
"1771",5,4,3.8,3,4.4,1
"1772",4.8,4,4.6,2.2,4,1
"1773",5.6,4.4,5.2,1.8,4.6,1
"1774",4,3.4,2.8,4.8,5.8,0
"1775",5.2,5.4,4.2,2.2,5.6,1
"1776",5,3.8,3.6,2.4,5,1
"1777",5.2,5.6,5.4,1.6,4.4,1
"1778",5.4,4.6,3.4,4.6,3.6,1
"1779",5.2,4.2,3.4,3.2,3.6,1
"1780",4.4,3.4,4.6,3.6,6,1
"1781",5.4,4.2,4.6,2.4,5.8,0
"1782",5,4.2,4.8,2.2,4,1
"1783",3.2,5.4,3,3.8,5,0
"1784",5.6,1.8,5,2.8,6,1
"1785",4.4,4.4,3.8,5,4.2,1
"1786",5.8,2.8,5.2,2,5.4,1
"1787",4.6,4.6,4,4.2,5.6,1
"1788",6,5.8,2,2.2,2.8,1
"1789",5.6,3.8,5.4,2.8,5.4,1
"1790",6,2.6,5,1,6,1
"1791",5,3.6,4.4,1.6,4.6,1
"1792",5,3.8,4.4,1.6,4.6,1
"1793",5,4.2,4.4,1.6,4.6,1
"1794",5.2,4.2,4,3.8,5.6,0
"1795",4.6,4,4.2,3.2,4.8,0
"1796",2.4,3,1.8,1.4,5.4,0
"1797",3.8,5,4.6,2.8,5.6,1
"1798",4,4,4.4,3,4.2,0
"1799",4.2,5.2,4.4,3.6,5.2,1
"1800",4.6,3.8,4,3.8,4.8,0
"1801",4.8,4.2,4.8,3.8,4.4,0
"1802",3.4,4.6,2.2,3.2,5,1
"1803",3.6,3,2,4.8,5,1
"1804",5.2,4.6,3.6,3.2,5.8,1
"1805",4.8,5.6,4.6,1.6,5.6,1
"1806",5.4,5.8,5,1.8,4.8,1
"1807",4.8,5.4,5.8,2.2,5,1
"1808",3.4,3.2,2.4,4.2,5,0
"1809",4.8,4.8,5.6,3.8,4.2,1
"1810",4.2,3,3.8,3.4,3.2,1
"1811",5.2,4.8,4,2.8,4.6,1
"1812",4.6,5,3.6,2.8,4.8,1
"1813",5.6,5.4,3.6,2.4,5.6,1
"1814",4.4,5,4.8,2,3.8,0
"1815",6,5.2,5,3.8,4.4,1
"1816",5,4.2,5.2,2,3.6,1
"1817",5.4,2.2,3.8,1.2,3.4,1
"1818",5.4,3.6,3.8,3,4.6,1
"1819",3.8,4.6,3.8,1.4,3.8,1
"1820",4.8,4.4,5.4,2.2,3.6,1
"1821",3,5,4.8,3.8,4.2,1
"1822",4.4,4.8,4.6,2,5,1
"1823",5.8,4.2,5,1,4.4,1
"1824",4.4,4,3.4,2.8,4.6,0
"1825",5.2,3.2,2.2,2.2,5,0
"1826",5,3.6,3,4.4,4.2,0
"1827",5.8,3.8,5.6,1.8,5,0
"1828",4.8,3.6,4.8,2.8,3.2,0
"1829",5,4.8,3.8,4.4,4,1
"1830",4.2,4.4,3.4,4,4.6,0
"1831",5.2,5.2,3.4,4.2,5.6,1
"1832",5.6,5,4.6,1.6,3.6,1
"1833",6,3.8,5,1,4.8,1
"1834",4.6,5.4,4.8,1,4.8,1
"1835",5.2,3.8,3.8,3.2,2.8,1
"1836",5,3.4,3.6,2.6,4.2,1
"1837",4.2,4,5,4.4,4,1
"1838",6,5,5.4,2.8,4.8,1
"1839",5,4.4,2.4,2.4,3.2,1
"1840",4.2,4.4,3.4,2.8,3.2,1
"1841",5.4,3.6,4,2.6,3.6,1
"1842",2.8,4.8,2.8,3.2,5.2,0
"1843",3.6,6,2,3.8,4.6,1
"1844",5.4,5.2,3.8,2.2,5,1
"1845",5.6,4.8,4.4,2.2,4.6,1
"1846",3.8,4.6,4.4,5.8,3.6,1
"1847",4.4,4.6,5.6,2.4,5,0
"1848",3.4,5.8,3.2,1.4,3.2,0
"1849",6,4.8,5.8,1,5,1
"1850",5.4,4.8,3.2,3.2,5.4,1
"1851",5.4,6,5.8,2,5.2,1
"1852",4.6,5,3.4,5,5.2,1
"1853",4.6,3.6,5.2,2.4,4,0
"1854",4.8,4.6,5.4,3.2,4.4,1
"1855",4.2,4.2,4,4.6,3.4,1
"1856",5.2,4.8,4.6,2.2,3.8,1
"1857",4.4,4.2,5,1.8,3.4,0
"1858",5,5.8,5.2,2.8,6,1
"1859",3.8,4.2,4.4,2.2,3.6,1
"1860",4,4.6,4.2,3.6,4.4,0
"1861",5,4,2.6,3.2,5.2,1
"1862",5,3.8,4,2.8,3.8,1
"1863",6,5.4,4.4,1.2,3.6,1
"1864",3.6,4.2,3.4,4.4,4.6,0
"1865",5.6,4.2,5.6,1.4,4.6,1
"1866",5.2,4.4,4,3,5.4,1
"1867",4.4,4.4,4,3,4.2,1
"1868",4.8,5.2,1.8,3.8,4.8,0
"1869",5.2,5.4,4.4,2.8,4.4,1
"1870",2,5.8,1,1,5,0
"1871",6,5,5,4.4,6,0
"1872",4.2,3.4,5.6,5.4,4.4,1
"1873",3.2,2,2.6,4.4,6,0
"1874",4,5.2,4.8,4.4,3.8,1
"1875",5,5,5.6,1.4,5.8,1
"1876",3.8,3.6,4.2,3.6,3.8,0
"1877",4.2,4.6,3.2,1.2,5.2,0
"1878",3.2,2.8,3.8,4.8,4,0
"1879",5,4.4,6,4.6,5.4,1
"1880",5.4,3.6,4.2,5.4,4.4,0
"1881",4.4,4.2,3.2,4.6,5.2,1
"1882",3.6,4,1.2,5.6,4.4,1
"1883",4.8,3.8,3.2,3.2,3,1
"1884",4,4,3.6,4,4.4,1
"1885",5.4,5.2,3.6,2.8,5.4,0
"1886",5.8,5.6,5.4,2.2,4.8,1
"1887",5.8,5,4.6,3.2,5.2,1
"1888",4.4,3.2,5,3.4,5.2,1
"1889",4.2,5,3.8,2,5.8,0
"1890",5.4,4.6,4.4,2.8,4.4,1
"1891",3.8,4.2,2.8,3.6,4.8,1
"1892",3.4,3,3.4,4.8,4.8,1
"1893",4.6,4.6,3.2,4,5.2,1
"1894",5,4.8,4.6,3.2,5.8,1
"1895",3.8,5.6,3.4,2.6,5.2,0
"1896",5.2,3.8,3.2,5.2,5,0
"1897",6,6,2,6,4.6,1
"1898",4.4,2.4,5.4,3.8,4.2,1
"1899",3.8,3.6,4.4,2.6,4.6,0
"1900",5.2,4.2,5.4,2,4.2,1
"1901",4,4.2,4,3.6,3.4,0
"1902",4.6,4.6,3.6,5.2,3.4,1
"1903",5,4.4,2.8,3.4,4.6,1
"1904",6,4.6,5,1.6,5.4,1
"1905",5.4,4.4,4.4,1.6,5.4,0
"1906",3.4,4.4,4.6,3.6,5,0
"1907",4.2,3.8,4.6,3.4,4,1
"1908",3.8,4,2.8,3.6,3.8,0
"1909",5.8,5.4,5.8,1.6,4.8,1
"1910",3.4,4.2,5.4,2.8,5,1
"1911",5.4,5.6,5.8,1,5.6,0
"1912",4.8,3.8,3.4,3.2,4.2,0
"1913",4.8,4.6,2.6,3.2,2,1
"1914",5.2,5.4,4.2,2,5.2,1
"1915",4.8,4.4,4.8,4.2,4.6,1
"1916",5.2,6,5.2,2.2,6,1
"1917",4.2,3.6,4.6,3.6,5.4,0
"1918",4,4.2,4.8,3.2,3.6,1
"1919",5.4,4.8,5.4,4.2,4.4,1
"1920",3.2,5.2,4.8,3.8,4.6,1
"1921",5,3.8,5,4,4.4,1
"1922",5.2,4.4,3.8,3.6,4.4,1
"1923",5.6,4.8,4.6,3.2,4.6,1
"1924",4,3.6,4.4,3.6,3.4,1
"1925",3.2,3.2,4.6,3.2,4.6,0
"1926",5.4,4.6,5.4,1.6,4.4,1
"1927",5.8,4.8,5,4,3.8,1
"1928",5.2,4.2,6,2,5,0
"1929",4.4,2.6,3.6,4,4,1
"1930",4.2,5.2,5.2,3.4,5.2,1
"1931",6,3.4,3.6,3.2,3.6,1
"1932",4.2,4.4,3.8,4.8,5.8,1
"1933",2.8,4.2,4.4,2,3.2,1
"1934",3.6,4.4,3.6,4.2,3,1
"1935",3.2,2.4,3,4.8,5.2,0
"1936",5.4,5.2,5,2.8,5.4,1
"1937",5.2,4.8,3.6,3,4.8,1
"1938",5.4,6,6,4.2,6,1
"1939",4.2,4.8,6,2.6,6,1
"1940",4,4.8,3.2,4.2,5.6,0
"1941",4.2,4,4.2,2.2,4.4,1
"1942",6,5,6,1.6,5.4,0
"1943",5.6,3.6,3.6,3,5.6,1
"1944",4.6,4.4,5.4,3.4,5,0
"1945",4.8,4.6,3,2,5.2,0
"1946",5,4.2,3,4.4,5.2,1
"1947",5.6,5,4.6,3.2,4.8,1
"1948",4.6,6,2.6,4.8,6,1
"1949",3.6,5.8,4.8,3.6,5.6,1
"1950",6,5.4,4.6,2.2,4.2,1
"1951",5,4.2,4,2.6,4.4,1
"1952",4,3.6,3.6,4.6,5.2,1
"1953",4.2,4.4,2.4,2.2,3.8,1
"1954",5.4,2.2,5.2,3.2,3.4,0
"1955",3.8,5.8,2.6,1.8,3,1
"1956",4.4,2,2.8,4.8,3.2,1
"1957",3.4,4.8,3.4,3,5.8,0
"1958",5.8,5.2,4,1.6,5,1
"1959",5.4,5.6,4,3.4,4.2,0
"1960",5.8,5,5.8,1,5.8,0
"1961",5.8,4.8,3.6,1.8,4.6,1
"1962",4.8,4.6,5.4,5.8,5.2,1
"1963",5,4.8,5.6,4.4,4.8,1
"1964",4.8,4.8,3.4,1.4,4,0
"1965",5.2,5,3,1.4,4.8,0
"1966",6,5.2,6,3.2,5.8,0
"1967",5.4,4.8,5.4,1.8,4.6,1
"1968",6,5.4,4.2,3.4,5,1
"1969",4.8,4.4,3.8,1.8,4,0
"1970",5.8,3.4,5.8,2.8,4.6,1
"1971",4.4,4.2,2.6,1.4,3,0
"1972",5.6,4.2,4.4,2,4.4,1
"1973",5,3.4,5,1.4,4,1
"1974",5.8,4.6,5.6,2.6,4.6,1
"1975",5.4,2.8,3.2,1.4,4,1
"1976",4.8,3.4,3.8,1.4,5.2,1
"1977",4.4,4.6,4.6,2.4,5.6,0
"1978",4.2,4.4,3.2,3.6,3.4,1
"1979",5,3,5.8,4.4,5,0
"1980",4.2,4.6,3.8,3,4.2,1
"1981",4.4,2.2,2.4,2.6,3,1
"1982",5,4.6,1.6,4,2.2,1
"1983",5.8,5.4,2.6,3.2,6,0
"1984",4.8,3.4,5.4,4.4,5.2,1
"1985",4.8,5,4.6,2,4.4,0
"1986",5,4.8,4.2,2.8,4.6,1
"1987",4,3.4,4.2,3.6,4.4,0
"1988",4.8,5,6,3.2,4.6,1
"1989",4.6,3.4,4.6,2.8,4.2,1
"1990",5.8,5.8,5.6,3.6,5,1
"1991",3.8,4.6,3,3,4.8,1
"1992",5.4,4.8,4.8,2.6,4.2,1
"1993",5.4,4,4,3.8,4.6,1
"1994",5.8,4.2,4.8,5,5.4,1
"1995",5,3.6,2.4,3.8,4.2,1
"1996",4,4.2,3.8,2.4,4.8,0
"1997",2.8,2.2,3,3.6,5.4,1
"1998",4.8,4.4,3.8,2.4,5.2,1
"1999",5.2,4.8,4.4,5.6,4,0
"2000",4.4,5.4,5,4.2,6,0
"2001",2.4,5,2.4,5.8,4.8,0
"2002",5.8,1.6,5,1.8,5.8,1
"2003",5,5.8,4.2,4.2,4.8,1
"2004",2.8,5.4,4,4.8,4.6,1
"2005",4.8,3.6,2.6,5.2,3.2,1
"2006",4,2.8,2.4,4,3.2,1
"2007",4,4.2,3.4,4.2,3.6,1
"2008",2.4,4.6,1.8,2.4,3.2,0
"2009",5.4,3,4,2.8,5.8,1
"2010",3.4,4.8,2.8,5.8,5.8,0
"2011",4.8,4.8,3.6,3.8,4,1
"2012",5.2,3.2,5.2,2,5.4,0
"2013",4.2,4.6,4.4,3.8,3.4,0
"2014",5.8,4.6,4.6,4.2,4.8,1
"2015",6,4.6,3.2,1.4,4.8,1
"2016",5,4.6,2.6,2.4,5.2,0
"2017",1.8,5,1.4,2.4,3.2,0
"2018",4.4,4,3.6,2.2,5.8,0
"2019",3.8,3.8,3.4,3.6,5.4,1
"2020",5.4,5.4,5.2,2.6,5.8,1
"2021",4.2,4,4.6,3.6,3.4,1
"2022",4.6,5.4,3.8,4,3,1
"2023",5.2,4.6,4.4,2.8,6,1
"2024",4.4,4,5.8,3,6,1
"2025",4.6,1.8,5,4.6,4.4,1
"2026",5,3.6,2.8,3,4.4,0
"2027",4.8,4.2,4.2,3.6,3.2,1
"2028",3.8,4,4.2,1.4,5,1
"2029",3.4,3.4,4.4,4.8,4.6,1
"2030",3.8,4.6,4.6,2.8,4.6,1
"2031",5.6,5.6,5,2.4,5.8,1
"2032",4.6,5,4,1.6,4.6,0
"2033",3.6,2.8,4.2,3.2,4.2,0
"2034",4.4,3.6,2.4,4,3.4,1
"2035",5.4,4.4,4.8,3,5.4,1
"2036",3.8,3.4,1.2,5.4,5.6,0
"2037",5.2,4,3.6,4.6,5.6,0
"2038",2,3.8,1.4,2.6,3.6,1
"2039",5,2.4,4,2.4,4.6,1
"2040",2.6,4.2,1.6,3,5.2,0
"2041",4.6,4.6,4,4.4,4.4,1
"2042",5.6,3.2,4.8,1,3.8,1
"2043",5,4.2,4,1.6,4.4,1
"2044",5.6,5.4,6,1,6,0
"2045",4.6,5.4,4.4,2.8,5,0
"2046",4.8,3.6,2.6,4.2,4.2,0
"2047",4.2,4.8,5.4,2.4,5,0
"2048",2.4,5,3.4,2.2,5.8,0
"2049",6,5.6,5.4,3.6,4.2,1
"2050",4.4,3.2,4.6,3.8,4,1
"2051",4.8,4.2,4.4,3.8,4.6,0
"2052",3.6,4.4,4,4.4,4,0
"2053",4,4.8,4.2,3.6,5.2,1
"2054",5,5,3.2,3.6,4.6,1
"2055",4.2,4.2,4.4,5,3.6,1
"2056",2.6,3,2.2,3,5.2,0
"2057",5.6,5.8,5.2,2,5.2,1
"2058",5,5,4.6,3.8,4.8,1
"2059",5.2,5.4,4.8,2.4,5.2,1
"2060",4.6,5.2,1.2,2.6,4.8,0
"2061",5,5.6,4.2,2.4,4.8,1
"2062",5.2,5.6,4,1.2,4.2,0
"2063",6,4.8,5.2,3,5.8,1
"2064",4.6,4.6,2.8,4.4,3.8,1
"2065",4.8,4.2,4.2,1.8,4,1
"2066",5.8,3.6,5.6,3.8,5.4,1
"2067",4,5,3.8,3.4,3.6,0
"2068",5,5.4,4.6,6,6,0
"2069",5,4.2,4.6,1.6,4.4,0
"2070",5.2,4.2,3.8,2.6,5.8,0
"2071",5.6,5.2,5.6,1.2,5,1
"2072",4.6,4,5,4.8,3.6,1
"2073",5.4,5.4,3,3,5.8,1
"2074",4.2,4.6,4.4,3.2,3.6,1
"2075",2.8,3.6,2,2.2,4.4,0
"2076",4.8,3,4.8,2,4.8,0
"2077",5.4,2.8,4,2,5.4,0
"2078",6,6,5.4,1,3.8,1
"2079",5.4,3.4,5.6,3,5,0
"2080",2.6,4.6,2.6,3.8,4.6,0
"2081",5.4,5.2,5.4,2.2,5.6,0
"2082",4,4.2,3.4,3.6,4,1
"2083",2.8,1.8,3.2,3.4,3.6,1
"2084",5,3.8,2.4,1.8,3,0
"2085",4.2,5,2.8,1.4,4.2,1
"2086",5.2,2,5.4,1,6,1
"2087",5.6,4.8,5,1.4,3.4,1
"2088",4.6,3.6,2.2,2,2.6,1
"2089",4.2,2.2,4.8,4.8,3.4,1
"2090",5.8,4.2,4.6,2.2,5.6,1
"2091",4,3.8,4.8,3,4.4,1
"2092",5.6,4.6,5.2,4.4,5.8,1
"2093",5,5,5.4,3.6,3.8,0
"2094",5.4,2.4,4,5.2,5.8,0
"2095",4.4,4.4,4.6,2.4,4.2,0
"2096",1.8,5.8,4.2,4.6,5.6,0
"2097",4.2,4.2,4.4,3.4,4.2,0
"2098",5,4.6,4.4,3.6,4.6,1
"2099",3.6,3.2,1.6,3.2,4.2,1
"2100",4.4,4.6,3.4,5,5.6,0
"2101",3.4,1.8,2.2,2.6,4.6,0
"2102",4.6,1.4,3.4,4.6,5,1
"2103",3.4,4.4,3.8,2.2,4.6,0
"2104",4.8,5.2,5,1.4,5,1
"2105",4.8,4.4,3.2,3.2,4.6,1
"2106",4.8,5,4.4,4,3.4,1
"2107",3.2,3.4,3.2,2.6,4.8,1
"2108",2.8,5,2,1.8,5,0
"2109",4.8,3.4,2.8,2.8,4.2,1
"2110",3.4,3.6,4.6,2.2,3.6,0
"2111",4.8,4.4,5,3.2,4.2,1
"2112",4.6,3.4,4.8,2.6,3.8,0
"2113",4.4,5.6,4.4,3.6,3.8,1
"2114",4.4,3.2,2,3.2,5.6,0
"2115",5.2,6,5.8,1.2,4.4,1
"2116",5.4,3.6,5.2,4.6,4,1
"2117",5.2,4.4,3.6,3.8,5.4,1
"2118",3.8,4.6,3.8,2.2,4,0
"2119",5.8,4.6,5,1.4,4.4,1
"2120",5.6,3,5.8,3.2,5.2,0
"2121",4.2,4.6,3.4,2.2,3.8,0
"2122",5.2,3.4,4,4,5.6,0
"2123",2.8,5,4.2,5,4.4,0
"2124",4.8,5.4,5.2,1,5,0
"2125",5,5,3,2,5.2,0
"2126",5.8,4.4,4.8,3.2,5.4,1
"2127",4.8,3.4,5.2,3.6,4.2,0
"2128",5.4,5.8,5.8,2,5.4,0
"2129",6,5.2,4.6,3.2,4.8,1
"2130",5.2,4.4,4,4.6,4.8,1
"2131",2.2,1.2,2,2.4,4.8,0
"2132",6,4.2,6,5.2,4.6,1
"2133",4.6,3.8,3.6,4.2,4.4,1
"2134",4.6,3.2,3.8,4.2,3.8,1
"2135",5,4.6,3,4.8,4.8,1
"2136",4.6,5.4,4,3.2,3.8,0
"2137",3.4,4.2,3.6,3,3,0
"2138",5.6,3.2,5.4,2.6,5,0
"2139",3.6,4.4,3.4,2.6,3.6,0
"2140",6,6,6,1.6,6,0
"2141",2.6,2.8,2.4,3,5.2,0
"2142",4.2,4,2.4,4,4.8,0
"2143",5.4,5.4,6,4.2,5.4,1
"2144",5,4.6,4.4,3.6,3.6,1
"2145",5.6,4.4,4.4,2.2,4.4,1
"2146",5,5.6,4.8,2.2,5.2,0
"2147",5.8,5,5.2,1.6,4.6,1
"2148",5.2,5.2,4.6,1.2,3.8,1
"2149",2.8,1.6,1.2,4,4.8,1
"2150",1.6,3,1.2,2.4,5.4,1
"2151",5,3.6,3,2.8,4.6,1
"2152",4.2,5.2,3,4.8,6,1
"2153",5.2,5.6,5.2,1,5.8,0
"2154",3.4,5.6,2.2,3,3.4,0
"2155",3.4,3.6,2.6,4.2,5.6,1
"2156",4.2,4.6,4.8,4.6,4.8,1
"2157",5.2,3.6,5.8,2.6,5.8,0
"2158",4.4,4,1.8,4,5.4,1
"2159",6,6,6,1,5.6,0
"2160",4.4,5,2.8,2.4,5,1
"2161",5.6,5.8,4.6,3.2,4.8,1
"2162",5,4.2,4.8,4.4,4.8,1
"2163",5,4.4,4,2.6,4.2,1
"2164",5.2,2.2,5.2,1.2,4.4,1
"2165",4.4,4.6,4.4,3.4,5.2,0
"2166",4.8,4.8,4.2,1,4,0
"2167",4.2,4,2.8,2.2,3.8,0
"2168",4.2,4.4,3.4,4.4,4,1
"2169",4.2,3.6,3.6,5.2,4.4,1
"2170",4.8,4.8,4.6,3.8,3.4,1
"2171",5.2,3.2,2.6,4.2,3.8,1
"2172",5.2,5.6,5,3,5,1
"2173",2.2,2.4,3.8,3,4.6,1
"2174",5.6,2.8,4,5.8,4.8,1
"2175",3.8,5.6,3.2,4,5.4,0
"2176",4.4,5.4,5.4,3.4,5.4,0
"2177",5.2,1.8,4,3.6,5.2,1
"2178",3.8,4.4,2.8,4,5.2,0
"2179",4.8,3.8,5.2,2.6,5,0
"2180",4.6,5.8,4,2.6,5.6,1
"2181",4.8,4.4,3.2,2,3.8,0
"2182",4.2,2.4,5,5.4,4.6,1
"2183",2.4,3.8,2,4.4,3.6,0
"2184",2.6,4.4,3.6,4,4.4,0
"2185",4.8,4.4,4.4,4.6,4.2,1
"2186",3.8,3.6,4.6,3.8,5.4,1
"2187",4.8,4,2.8,2.8,4,1
"2188",3.8,4.4,4.4,2,5.4,1
"2189",4.6,4.8,3.8,1.6,4.4,0
"2190",5.4,4.6,4.2,4.4,4.2,1
"2191",3.4,3,3.8,1.8,5.4,0
"2192",5.2,5,6,4.2,6,1
"2193",5.8,4.2,3.6,1.8,6,0
"2194",6,5.8,5,4.4,6,1
"2195",2.6,2.8,1.2,3.4,5,0
"2196",4.8,4,4,6,3.6,1
"2197",4,3.8,3.2,3.6,4.4,0
"2198",5,4.8,4.2,3.2,4.8,0
"2199",4.8,3.6,4.8,2,5.8,0
"2200",1.6,2.6,2.6,2,4.2,0
"2201",5,4.2,4.4,3.2,3.8,1
"2202",4.8,4.8,2.4,1,3.8,0
"2203",5,5.6,3.6,3,4,1
"2204",4.4,3.6,4.4,4.2,4,1
"2205",4.2,4.4,3.4,4.2,5,1
"2206",5,5.4,4.4,1.8,5,1
"2207",3.8,3.8,2.6,3.8,5,1
"2208",4,3.6,1.2,5.4,3.4,1
"2209",3.4,3,4.2,3.8,5.4,0
"2210",5,5,3.4,4,3.4,0
"2211",5.4,6,3.8,4.4,3.2,1
"2212",4.2,5,3.4,4.8,4.2,1
"2213",4,4.6,4,1.4,5.6,0
"2214",4.2,3.6,4,3.4,3.6,0
"2215",5.6,4.4,4.2,1,4.8,0
"2216",4.2,3.6,2.2,4.2,4.6,1
"2217",4,4.6,4.2,5.2,3.8,1
"2218",5,5.2,3.8,2.2,4.2,0
"2219",6,5.8,6,1,5.8,0
"2220",6,5.8,4.8,1.4,5.6,1
"2221",5,5.4,5,2.2,4.2,1
"2222",5,4.4,1,3,5.8,0
"2223",5.4,3.8,5.2,3.2,5.2,1
"2224",5.6,4.6,5.4,4,5.2,1
"2225",4.6,4.8,2.6,2,5.4,1
"2226",5.6,5.4,5.8,4,5.6,1
"2227",4.6,3.2,3.2,3.2,5.4,1
"2228",5.6,4.8,5.2,2.4,5.2,0
"2229",4,5.6,4.8,3,3.6,1
"2230",4.4,3.6,3,3.4,4.4,1
"2231",3,3,3.4,4.8,3.6,1
"2232",4.6,3.8,4.6,4.2,3.6,1
"2233",3,4.2,2.4,5.4,5.2,1
"2234",4,5.4,5,2.8,5,1
"2235",2.8,4.2,4.6,4.2,5.2,0
"2236",3,4.2,2.6,1.4,4.6,1
